rep,skift,Normal,Brudd,Svikt,overloep_pst,vl_pst,ventet_pst,dpri1_makkerpar_pst
0,Dag_hverdag,79.06918396788559,15.323339396600389,5.607476635514018,1.1917455936774761,4.01430094712413,1.5743586527002447,79.8704534130543
0,Natt_helg,71.62353332778564,10.002496463343597,18.373970208870766,3.8695181825746863,14.20487642506449,4.160772239327619,78.85232744783308
1,Dag_hverdag,79.74659725271279,15.041083861255725,5.212318886031487,1.216834974597002,3.6379602333312424,1.5555416170106002,80.96661684105631
1,Natt_helg,71.37388699342598,10.493467587584256,18.132645418989764,4.027627527669135,13.83872846800366,4.285595406507447,78.73194221508828
2,Dag_hverdag,79.8093207050116,15.172803111083233,5.017876183905162,1.053753998620084,3.5940538167220724,1.4050053314934454,80.36870951669158
2,Natt_helg,71.38220853790463,10.426895231755013,18.19089623034035,3.986019805275859,13.888657734875592,4.293916950986103,78.93258426966293
3,Dag_hverdag,79.0378222417362,16.01329737188735,4.948880386376466,1.0286646177005583,3.5815091262623096,1.3485542244245123,81.06626806178376
3,Natt_helg,72.45568777565116,9.894316385121078,17.64999583922776,3.836232004660065,13.589082133644004,4.052592161105101,79.21348314606742
4,Dag_hverdag,79.97240168098853,14.98463275418679,5.042965564824688,1.066298689079847,3.5689644358025463,1.455184093332497,80.96661684105631
4,Natt_helg,71.44878089373388,10.210535075309977,18.340684030956144,3.961055171839893,13.905300823832903,4.410418573687276,78.29052969502408
5,Dag_hverdag,79.9096782286897,14.98463275418679,5.1056890171235025,0.9471241297120992,3.688138995170294,1.398732986263564,81.41504733432984
5,Natt_helg,71.98968128484647,10.027461096779563,17.98285761837397,3.952733627361238,13.797120745610385,4.160772239327619,79.17335473515249
6,Dag_hverdag,79.92222291914946,14.639653766543312,5.438123314307219,1.329737188734868,3.7069560308599385,1.7123502477576367,81.26557050323866
6,Natt_helg,71.88150120662395,10.143962719480735,17.974536073895315,3.9776982607972036,13.738869934259798,4.227344595156861,79.0529695024077
7,Dag_hverdag,79.72778021702315,14.934453992347738,5.337765790629116,1.260741391206172,3.7006836856300573,1.6182650693094147,80.4185351270553
7,Natt_helg,72.09786136306899,10.143962719480735,17.758175917450277,4.235666139635516,13.347757343763003,4.402097029208621,79.7752808988764
8,Dag_hverdag,79.50197578874742,15.379790503669321,5.118233707583266,1.1352944866085428,3.6505049237910057,1.4489117481026155,80.66766317887394
8,Natt_helg,71.90646584005992,10.010818007822252,18.082716152117833,3.8029458267454443,13.96355163518349,4.110842972455687,78.81219903691814
9,Dag_hverdag,79.33262246754062,15.166530765853354,5.500846766606034,1.317192498275105,3.888854042526501,1.593175688389889,80.91679123069258
9,Natt_helg,71.64849796122161,10.160605808438046,18.19089623034035,3.9444120828825833,13.946908546226181,4.235666139635516,78.49117174959872
10,Dag_hverdag,79.58978862196575,15.19789249200276,5.212318886031487,1.1290221413786616,3.7571347926989898,1.4363670576428527,80.91679123069258
10,Natt_helg,71.93975201797454,10.285428975617874,17.77481900640759,3.952733627361238,13.539152866772072,4.227344595156861,79.85553772070627
11,Dag_hverdag,80.00376340713792,14.790190052060465,5.206046540801606,1.1854732484475945,3.7006836856300573,1.4865458194819043,80.91679123069258
11,Natt_helg,71.46542398269119,10.543396854456187,17.991179162852625,3.8029458267454443,13.93026545726887,4.052592161105101,78.41091492776886
12,Dag_hverdag,79.64623972903469,15.254343599071692,5.099416671893621,1.1039327604591356,3.644232578561124,1.4363670576428527,80.91679123069258
12,Natt_helg,72.16443371889822,9.78613630689856,18.049429974203214,4.077556794541066,13.763834567695765,4.2772738620287925,78.81219903691814
13,Dag_hverdag,79.47688640782789,15.179075456313115,5.344038135858998,1.2356520102866462,3.7195007213197018,1.6057203788496517,80.96661684105631
13,Natt_helg,72.10618290754765,10.069068819172838,17.82474827327952,3.7446950153948575,13.83872846800366,3.9776982607972036,79.13322632423755
14,Dag_hverdag,79.7089631813335,15.172803111083233,5.118233707583266,1.2356520102866462,3.537602709653139,1.5618139622404816,80.61783756851021
14,Natt_helg,71.59856869434968,9.836065573770492,18.565365731879837,4.03594907214779,14.371307314637596,4.185736872763584,78.41091492776886
15,Dag_hverdag,79.25108197955215,15.636956658094462,5.111961362353384,0.9784858558615066,3.71322837608982,1.3799159505739196,81.16591928251121
15,Natt_helg,71.76499958392277,10.193891986352668,18.041108429724556,4.019305983190479,13.705583756345177,4.318881584422068,78.93258426966293
16,Dag_hverdag,79.99749106190805,14.89054757573857,5.111961362353384,1.0788433795396097,3.71322837608982,1.3736436053440382,80.91679123069258
16,Natt_helg,71.49038861612715,10.376965964883082,18.132645418989764,3.794624282266789,13.996837813098113,4.119164516934343,79.25361155698234
17,Dag_hverdag,79.89713353822995,15.185347801542997,4.917518660227059,0.9722135106316252,3.619143197641598,1.2795584268958164,81.5146985550573
17,Natt_helg,71.92310892901722,10.318715153532496,17.758175917450277,3.7863027377881338,13.713905300823834,4.03594907214779,79.25361155698234
18,Dag_hverdag,79.52706516966694,15.241798908611932,5.2311359217211315,1.12274979614878,3.688138995170294,1.524179890861193,80.51818634778276
18,Natt_helg,71.98135974036781,10.551718398934842,17.466921860697347,3.6115503037363736,13.45593742198552,3.994341349754514,79.41412520064205
19,Dag_hverdag,80.06021451420686,14.909364611428213,5.030420874364925,1.0976604152292542,3.5438750548830207,1.46772878379226,80.86696562032884
19,Natt_helg,73.08812515602897,9.935924107514355,16.975950736456685,3.5532994923857872,13.214612632104519,3.753016559873513,79.81540930979133
20,Dag_hverdag,79.35143950323025,15.204164837232643,5.4443956595371015,1.204290284137239,3.932760459135671,1.4928181647117857,80.56801195814649
20,Natt_helg,72.14779062994093,10.118998086044769,17.733211284014313,3.694765748522926,13.77215611217442,3.952733627361238,78.97271268057786
21,Dag_hverdag,79.27617136047168,15.611867277174934,5.111961362353384,1.2293796650567648,3.462334566894562,1.6245374145392961,80.91679123069258
21,Natt_helg,71.77332112840143,10.318715153532496,17.90796371806607,4.094199883498377,13.639011400515935,4.260630773071481,78.81219903691814
22,Dag_hverdag,78.95628175374773,15.555416170106003,5.488302076146271,1.179200903217713,3.9453051495954337,1.5179075456313116,79.8704534130543
22,Natt_helg,71.45710243821253,10.376965964883082,18.165931596904386,3.578264125821753,14.196554880585838,3.961055171839893,78.330658105939
23,Dag_hverdag,79.39534591983943,15.436241610738255,5.168412469422317,1.1352944866085428,3.6505049237910057,1.4990905099416671,80.61783756851021
23,Natt_helg,71.83989348423067,10.343679786968462,17.816426728800867,3.8445535491387206,13.697262211866523,4.102521427977032,78.65168539325843
24,Dag_hverdag,80.01003575236781,15.128896694474065,4.861067553158126,1.0286646177005583,3.506240983503732,1.3360095339647495,81.21574489287494
24,Natt_helg,72.19771989681286,10.10235499708746,17.69992510609969,3.661479570608305,13.730548389781145,3.961055171839893,78.77207062600321
25,Dag_hverdag,78.7242049802421,15.800037634071378,5.475757385686508,1.2356520102866462,3.888854042526501,1.5680863074703633,80.71748878923766
25,Natt_helg,71.34060081551135,10.285428975617874,18.373970208870766,4.010984438711825,14.146625613713907,4.219023050678206,78.93258426966293
26,Dag_hverdag,79.36398419369002,15.360973467979678,5.275042338330302,1.0976604152292542,3.7947688640782786,1.4614564385623785,79.8704534130543
26,Natt_helg,71.86485811766664,10.260464342181908,17.874677540151453,3.7863027377881338,13.863693101439628,4.002662894233169,79.53451043338684
27,Dag_hverdag,79.28244370570157,15.185347801542997,5.532208492755442,1.179200903217713,3.9139434234460264,1.5994480336197703,80.46836073741903
27,Natt_helg,71.83157193975201,10.385287509361737,17.783140550886245,3.7779811933094787,13.80544229008904,3.9693767163185485,78.57142857142857
28,Dag_hverdag,79.48943109828765,15.379790503669321,5.130778398043028,1.1164774509188984,3.5689644358025463,1.5367245813209558,80.86696562032884
28,Natt_helg,71.51535324956312,10.1689273529167,18.31571939752018,4.052592161105101,14.046767079970044,4.260630773071481,79.13322632423755
29,Dag_hverdag,79.27617136047168,15.254343599071692,5.469485040456626,1.1917455936774761,3.9264881139057892,1.524179890861193,80.01993024414548
29,Natt_helg,72.0562536406757,9.902637929599734,18.041108429724556,3.9693767163185485,13.747191478738454,4.285595406507447,78.73194221508828
30,Dag_hverdag,79.92222291914946,14.827824123439754,5.249952957410776,1.1352944866085428,3.813585899767923,1.4175500219532082,81.31539611360239
30,Natt_helg,72.13946908546227,10.193891986352668,17.666638928185073,3.819588915702755,13.497545144378797,4.152450694848964,80.01605136436596
31,Dag_hverdag,79.7403249074829,15.179075456313115,5.080599636203977,1.041209308160321,3.6755943047105313,1.3673712601141566,80.71748878923766
31,Natt_helg,72.15611217441958,10.1689273529167,17.674960472663727,3.894482816010652,13.58076058916535,4.085878339019722,79.73515248796149
32,Dag_hverdag,79.0378222417362,15.618139622404817,5.344038135858998,1.0349369629304397,3.920215768675908,1.4050053314934454,80.56801195814649
32,Natt_helg,71.9647166514105,9.9276025630357,18.107680785553796,3.9194474494466176,13.872014645918282,4.227344595156861,78.53130016051364
33,Dag_hverdag,79.00018817035689,15.304522360910743,5.695289468732359,1.216834974597002,4.158564887411403,1.5179075456313116,80.81714000996513
33,Natt_helg,71.7067487725722,10.67654156611467,17.61670966131314,3.961055171839893,13.322792710327036,4.285595406507447,78.13001605136436
34,Dag_hverdag,78.97509878943737,15.567960860565766,5.456940349996864,1.1917455936774761,3.8763093520667375,1.5618139622404816,80.7673143996014
34,Natt_helg,72.2642922526421,9.861030207206458,17.874677540151453,3.894482816010652,13.622368311558624,4.235666139635516,79.57463884430177
35,Dag_hverdag,79.56469924104623,15.216709527692403,5.218591231261368,1.1102051056890172,3.819858244997805,1.3799159505739196,80.96661684105631
35,Natt_helg,71.8898227511026,10.393609053840393,17.716568195057004,3.8611966380960308,13.672297578430555,4.03594907214779,78.77207062600321
36,Dag_hverdag,79.6399673838048,15.260615944301575,5.099416671893621,0.9784858558615066,3.7069560308599385,1.3736436053440382,80.7673143996014
36,Natt_helg,71.73171340600815,10.10235499708746,18.165931596904386,4.060913705583756,13.921943912790214,4.227344595156861,79.37399678972713
37,Dag_hverdag,79.55215455058647,15.367245813209559,5.080599636203977,1.1039327604591356,3.6316878881013612,1.4238223671830899,81.06626806178376
37,Natt_helg,72.01464591828244,10.218856619788633,17.766497461928935,3.894482816010652,13.614046767079971,4.144129150370309,79.57463884430177
38,Dag_hverdag,79.40789061029919,15.398607539358967,5.1935018503418435,1.1478391770683058,3.6630496142507685,1.51163520040143,80.61783756851021
38,Natt_helg,71.51535324956312,10.094033452608803,18.390613297828075,4.127486061412998,13.996837813098113,4.385453940251311,78.1701444622793
39,Dag_hverdag,79.23853728909239,15.442513955968137,5.318948754939472,1.216834974597002,3.819858244997805,1.480273474252023,79.97010463378177
39,Natt_helg,71.81492885079471,10.693184655071981,17.49188649413331,3.528334858949821,13.614046767079971,3.8695181825746863,78.6115569823435
40,Dag_hverdag,78.81201781346046,16.050931443266634,5.13705074327291,0.9847582010913881,3.725773066549583,1.3924606410336824,81.16591928251121
40,Natt_helg,71.50703170508447,9.977531829907631,18.515436465007905,4.094199883498377,14.179911791628527,4.327203128900724,79.29373996789727
41,Dag_hverdag,79.42670764598884,15.216709527692403,5.3565828263187605,1.1603838675280687,3.8449476259173303,1.480273474252023,80.91679123069258
41,Natt_helg,71.7400349504868,10.13564117500208,18.12432387451111,3.902804360489307,13.921943912790214,4.19405841724224,79.29373996789727
42,Dag_hverdag,79.42043530075895,15.348428777519915,5.2311359217211315,1.2921031173555793,3.6630496142507685,1.5492692717807188,81.31539611360239
42,Natt_helg,71.78996421735874,10.077390363651494,18.132645418989764,3.836232004660065,14.030123991012733,4.094199883498377,78.53130016051364
43,Dag_hverdag,79.52706516966694,15.335884087060153,5.13705074327291,1.0286646177005583,3.7383177570093453,1.3799159505739196,81.01644245142003
43,Natt_helg,71.93975201797454,10.127319630523425,17.93292835150204,4.102521427977032,13.688940667387866,4.227344595156861,78.81219903691814
44,Dag_hverdag,79.44552468167848,15.379790503669321,5.174684814652199,1.1980179389073575,3.562692090572665,1.593175688389889,80.7673143996014
44,Natt_helg,71.50703170508447,10.460181409669635,18.0327868852459,4.044270616626446,13.780477656653076,4.243987684114171,78.65168539325843
45,Dag_hverdag,79.52706516966694,15.241798908611932,5.2311359217211315,1.1164774509188984,3.763407137928872,1.4489117481026155,80.86696562032884
45,Natt_helg,71.43213780477656,10.118998086044769,18.448864109178665,3.794624282266789,14.371307314637596,4.060913705583756,79.01284109149277
46,Dag_hverdag,79.4016182650693,15.492692717807188,5.1056890171235025,1.0725710343097283,3.644232578561124,1.4363670576428527,80.7673143996014
46,Natt_helg,71.69010568361487,9.919281018557044,18.390613297828075,3.902804360489307,14.27977032537239,4.102521427977032,79.17335473515249
47,Dag_hverdag,79.7779589788622,15.229254218152166,4.992786802985636,1.053753998620084,3.644232578561124,1.329737188734868,80.01993024414548
47,Natt_helg,71.85653657318798,10.31039360905384,17.833069817758176,3.7446950153948575,13.813763834567697,4.010984438711825,78.97271268057786
48,Dag_hverdag,79.69014614564387,15.122624349244182,5.1872295051119615,1.12274979614878,3.7069560308599385,1.4614564385623785,79.97010463378177
48,Natt_helg,72.5056170425231,10.127319630523425,17.367063326953485,3.8528750936173757,13.24789881001914,4.110842972455687,79.17335473515249
49,Dag_hverdag,79.65251207426456,15.172803111083233,5.174684814652199,1.1917455936774761,3.6379602333312424,1.51163520040143,80.26905829596413
49,Natt_helg,71.8898227511026,10.393609053840393,17.716568195057004,3.8445535491387206,13.697262211866523,4.010984438711825,78.13001605136436
50,Dag_hverdag,79.40789061029919,15.229254218152166,5.3628551715486426,1.1290221413786616,3.8010412093081607,1.5429969265508374,81.41504733432984
50,Natt_helg,71.9480735624532,10.29375052009653,17.758175917450277,3.9444120828825833,13.572439044686693,4.17741532828493,78.69181380417335
51,Dag_hverdag,80.01630809759769,14.89054757573857,5.093144326663739,1.216834974597002,3.606598507181835,1.46772878379226,80.21923268560039
51,Natt_helg,71.88150120662395,10.268785886660565,17.84971290671549,3.7446950153948575,13.780477656653076,4.060913705583756,78.73194221508828
52,Dag_hverdag,79.43925233644859,15.335884087060153,5.22486357649125,1.1541115222981873,3.7445901022392274,1.4614564385623785,80.56801195814649
52,Natt_helg,71.90646584005992,10.160605808438046,17.93292835150204,4.027627527669135,13.77215611217442,4.144129150370309,78.73194221508828
53,Dag_hverdag,79.52079282443705,15.367245813209559,5.111961362353384,1.2105626293671203,3.5689644358025463,1.524179890861193,81.01644245142003
53,Natt_helg,72.06457518515437,9.744528584505284,18.19089623034035,4.077556794541066,13.813763834567697,4.368810851294,79.25361155698234
54,Dag_hverdag,78.95628175374773,15.674590729473751,5.369127516778524,1.12274979614878,3.857492316377093,1.4928181647117857,80.7673143996014
54,Natt_helg,71.44878089373388,10.368644420404427,18.182574685861695,4.044270616626446,13.938587001747523,4.235666139635516,79.09309791332262
55,Dag_hverdag,79.13817976541428,15.580505551025528,5.281314683560183,1.0725710343097283,3.775951828388634,1.4865458194819043,80.81714000996513
55,Natt_helg,71.76499958392277,10.110676541566114,18.12432387451111,4.127486061412998,13.755513023217109,4.360489306815345,79.17335473515249
56,Dag_hverdag,79.3388948127705,15.486420372577307,5.174684814652199,1.1854732484475945,3.7006836856300573,1.455184093332497,80.71748878923766
56,Natt_helg,72.02296746276109,10.252142797703254,17.72488973953566,3.8029458267454443,13.655654489473246,4.060913705583756,80.0561797752809
57,Dag_hverdag,79.55215455058647,15.335884087060153,5.111961362353384,1.1102051056890172,3.6693219594806497,1.4175500219532082,80.46836073741903
57,Natt_helg,72.2809353415994,10.160605808438046,17.558458849962552,3.82791046018141,13.464258966464177,4.085878339019722,78.892455858748
58,Dag_hverdag,79.37652888414979,15.235526563382049,5.387944552468168,1.1603838675280687,3.932760459135671,1.4363670576428527,80.01993024414548
58,Natt_helg,71.47374552716984,10.210535075309977,18.31571939752018,3.8112673712240994,14.096696346841975,4.21070150619955,79.01284109149277
59,Dag_hverdag,79.63369503857493,15.166530765853354,5.199774195571724,1.2105626293671203,3.562692090572665,1.6119927240795335,80.36870951669158
59,Natt_helg,72.1145044520263,10.393609053840393,17.49188649413331,3.753016559873513,13.497545144378797,3.986019805275859,78.77207062600321
60,Dag_hverdag,79.7403249074829,14.859185849589164,5.4004892429279305,1.1980179389073575,3.775951828388634,1.6057203788496517,80.7673143996014
60,Natt_helg,71.39053008238328,10.551718398934842,18.057751518681865,3.8778397270533413,13.955230090704834,4.094199883498377,78.6115569823435
61,Dag_hverdag,79.6399673838048,15.11007965878442,5.249952957410776,1.1603838675280687,3.7571347926989898,1.4740011290221413,80.81714000996513
61,Natt_helg,71.73171340600815,10.352001331447116,17.91628526254473,3.936090538403928,13.722226845302487,4.185736872763584,78.69181380417335
62,Dag_hverdag,79.38280122937967,15.461330991657782,5.155867778962555,1.1917455936774761,3.562692090572665,1.5743586527002447,81.16591928251121
62,Natt_helg,72.13946908546227,9.894316385121078,17.96621452941666,4.160772239327619,13.647332944994591,4.310560039943414,78.81219903691814
63,Dag_hverdag,79.5709715862761,15.599322586715173,4.829705827008719,1.0035752367810324,3.49996863827385,1.3109201530452237,81.41504733432984
63,Natt_helg,71.42381626029791,10.252142797703254,18.324040941998835,3.8695181825746863,14.179911791628527,4.135807605891653,78.69181380417335
64,Dag_hverdag,79.43297999121872,15.342156432290032,5.22486357649125,1.12274979614878,3.750862447469109,1.455184093332497,80.16940707523668
64,Natt_helg,72.03128900723974,10.50178913206291,17.466921860697347,3.594907214779063,13.514188233336109,3.9444120828825833,78.08988764044943
65,Dag_hverdag,79.59606096719564,15.241798908611932,5.162140124192435,1.2356520102866462,3.5877814714921907,1.5555416170106002,81.21574489287494
65,Natt_helg,71.88150120662395,10.094033452608803,18.024465340767247,4.010984438711825,13.797120745610385,4.219023050678206,78.25040128410915
66,Dag_hverdag,79.41416295552908,15.37351815843944,5.212318886031487,1.2105626293671203,3.656777269020887,1.5367245813209558,80.66766317887394
66,Natt_helg,71.83989348423067,10.268785886660565,17.891320629108762,4.052592161105101,13.630689856037282,4.252309228592827,79.0529695024077
67,Dag_hverdag,79.47061406259802,15.480148027347425,5.049237910054569,1.0788433795396097,3.612870852411717,1.4175500219532082,80.66766317887394
67,Natt_helg,71.87317966214529,9.94424565199301,18.182574685861695,3.8778397270533413,14.030123991012733,4.144129150370309,78.57142857142857
68,Dag_hverdag,79.67760145518409,15.19789249200276,5.124506052813147,1.1478391770683058,3.6693219594806497,1.4363670576428527,81.21574489287494
68,Natt_helg,72.0396105517184,9.94424565199301,18.016143796288592,4.060913705583756,13.763834567695765,4.243987684114171,78.65168539325843
69,Dag_hverdag,80.17938907357461,14.796462397290346,5.024148529135044,1.0035752367810324,3.681866649940413,1.3234648435049865,81.31539611360239
69,Natt_helg,72.01464591828244,10.27710743113922,17.708246650578346,3.753016559873513,13.630689856037282,4.060913705583756,78.45104333868379
70,Dag_hverdag,79.51452047920718,15.179075456313115,5.306404064479709,1.1352944866085428,3.7383177570093453,1.5492692717807188,80.91679123069258
70,Natt_helg,71.69010568361487,9.96088874095032,18.349005575434802,4.069235250062412,14.030123991012733,4.310560039943414,79.09309791332262
71,Dag_hverdag,79.26989901524179,15.71222480085304,5.017876183905162,1.0474816533902027,3.619143197641598,1.3799159505739196,79.77080219232685
71,Natt_helg,71.49038861612715,10.185570441874011,18.324040941998835,3.8112673712240994,14.254805691936422,4.060913705583756,79.17335473515249
72,Dag_hverdag,79.2009032177131,15.662046039013989,5.13705074327291,1.1039327604591356,3.7445901022392274,1.3736436053440382,80.21923268560039
72,Natt_helg,72.15611217441958,10.29375052009653,17.550137305483897,3.7363734709162024,13.480902055421486,4.060913705583756,79.29373996789727
73,Dag_hverdag,79.24480963432228,15.58677789625541,5.168412469422317,1.1541115222981873,3.6755943047105313,1.4740011290221413,80.4185351270553
73,Natt_helg,72.04793209619706,9.99417491886494,17.957892984938002,3.6115503037363736,14.030123991012733,3.9111259049679625,79.81540930979133
74,Dag_hverdag,79.72150787179326,15.135169039703944,5.1433230885027905,1.1603838675280687,3.6693219594806497,1.455184093332497,80.61783756851021
74,Natt_helg,71.7400349504868,10.360322875925771,17.89964217358742,3.886161271531997,13.755513023217109,4.135807605891653,79.09309791332262
75,Dag_hverdag,79.48943109828765,15.216709527692403,5.293859374019946,1.12274979614878,3.763407137928872,1.51163520040143,80.31888390632786
75,Natt_helg,71.67346259465756,10.31039360905384,18.016143796288592,3.7863027377881338,13.905300823832903,4.102521427977032,78.41091492776886
76,Dag_hverdag,79.92849526437935,15.059900896945368,5.01160383867528,0.9847582010913881,3.6379602333312424,1.3548265696543937,81.16591928251121
76,Natt_helg,71.49038861612715,10.668220021636015,17.84139136223683,3.586585670300408,13.921943912790214,3.9111259049679625,78.57142857142857
77,Dag_hverdag,79.35771184846014,15.291977670450981,5.350310481088879,1.1603838675280687,3.775951828388634,1.5555416170106002,81.16591928251121
77,Natt_helg,72.0396105517184,9.99417491886494,17.96621452941666,3.986019805275859,13.730548389781145,4.21070150619955,79.09309791332262
78,Dag_hverdag,79.8093207050116,15.348428777519915,4.842250517468481,0.9596688201718622,3.575236781032428,1.248196700746409,81.41504733432984
78,Natt_helg,71.49871016060581,10.044104185736872,18.45718565365732,4.268952317550137,13.888657734875592,4.56020637430307,79.53451043338684
79,Dag_hverdag,79.30753308662108,15.58677789625541,5.1056890171235025,1.041209308160321,3.5313303644232583,1.5555416170106002,81.36522172396612
79,Natt_helg,72.1145044520263,10.060747274694183,17.82474827327952,3.9776982607972036,13.56411750020804,4.252309228592827,78.81219903691814
80,Dag_hverdag,79.71523552656338,15.448786301198018,4.8359781722386,1.0600263438499655,3.405883459825629,1.4112776767233268,80.56801195814649
80,Natt_helg,72.0396105517184,10.376965964883082,17.58342348339852,3.7363734709162024,13.530831322293418,4.03594907214779,78.41091492776886
81,Dag_hverdag,79.38280122937967,15.241798908611932,5.375399862008405,1.1854732484475945,3.8324029354575675,1.524179890861193,81.31539611360239
81,Natt_helg,71.98135974036781,10.27710743113922,17.741532828492968,3.819588915702755,13.655654489473246,4.077556794541066,79.25361155698234
82,Dag_hverdag,79.60233331242551,15.147713730163709,5.249952957410776,1.1666562127579503,3.7571347926989898,1.4740011290221413,80.7673143996014
82,Natt_helg,71.54031788299908,9.852708662727801,18.606973454273113,3.994341349754514,14.2964134143297,4.302238495464758,78.25040128410915
83,Dag_hverdag,79.28871605093144,15.32961174183027,5.381672207238286,1.2921031173555793,3.71322837608982,1.649626795458822,80.4185351270553
83,Natt_helg,71.93143047349588,9.985853374386286,18.082716152117833,3.9111259049679625,13.971873179662145,4.102521427977032,78.65168539325843
84,Dag_hverdag,79.42670764598884,15.254343599071692,5.318948754939472,1.12274979614878,3.7947688640782786,1.4865458194819043,81.5146985550573
84,Natt_helg,71.71507031705085,10.185570441874011,18.099359241075145,4.010984438711825,13.80544229008904,4.285595406507447,78.73194221508828
85,Dag_hverdag,79.56469924104623,15.003449789876436,5.431850969077337,1.179200903217713,3.8386752806874487,1.5743586527002447,80.61783756851021
85,Natt_helg,71.50703170508447,10.069068819172838,18.423899475742697,4.219023050678206,13.971873179662145,4.4437047516018975,79.01284109149277
86,Dag_hverdag,79.83441008593113,15.041083861255725,5.124506052813147,1.1603838675280687,3.5564197453427835,1.5492692717807188,81.16591928251121
86,Natt_helg,72.16443371889822,9.9276025630357,17.90796371806607,3.8445535491387206,13.797120745610385,4.102521427977032,78.93258426966293
87,Dag_hverdag,79.81559305024149,15.222981872922286,4.961425076836229,1.1290221413786616,3.4811516025842066,1.4614564385623785,81.01644245142003
87,Natt_helg,71.88150120662395,10.27710743113922,17.84139136223683,3.761338104352168,13.747191478738454,4.085878339019722,79.61476725521669
88,Dag_hverdag,79.49570344351753,15.411152229818729,5.093144326663739,1.1603838675280687,3.5877814714921907,1.4865458194819043,81.16591928251121
88,Natt_helg,71.590247149871,10.152284263959391,18.257468586169594,3.936090538403928,14.021802446534076,4.227344595156861,78.69181380417335
89,Dag_hverdag,79.80304835978173,15.1163520040143,5.080599636203977,1.1603838675280687,3.600326161951954,1.4614564385623785,81.56452416542102
89,Natt_helg,71.13256220354498,10.485146043105601,18.38229175334942,3.836232004660065,14.254805691936422,4.110842972455687,78.53130016051364
90,Dag_hverdag,79.36398419369002,15.486420372577307,5.149595433732673,1.1666562127579503,3.6254155428714796,1.5053628551715488,81.16591928251121
90,Natt_helg,71.51535324956312,10.31039360905384,18.17425314138304,3.9277689939252727,14.013480902055422,4.152450694848964,78.81219903691814
91,Dag_hverdag,80.00376340713792,14.97836040895691,5.017876183905162,1.1352944866085428,3.5564197453427835,1.442639402872734,81.16591928251121
91,Natt_helg,71.7400349504868,10.035782641258217,18.224182408254972,3.794624282266789,14.213197969543149,4.002662894233169,79.13322632423755
92,Dag_hverdag,79.49570344351753,15.260615944301575,5.243680612180895,1.1478391770683058,3.7696794831587535,1.455184093332497,80.61783756851021
92,Natt_helg,72.2809353415994,10.376965964883082,17.342098693517517,3.7363734709162024,13.389365066156278,3.9444120828825833,79.3338683788122
93,Dag_hverdag,79.8783165025403,15.097534968324657,5.024148529135044,1.0851157247694914,3.5815091262623096,1.4238223671830899,80.21923268560039
93,Natt_helg,71.4820670716485,10.160605808438046,18.357327119913457,3.753016559873513,14.27977032537239,4.069235250062412,77.80898876404494
94,Dag_hverdag,79.63369503857493,15.342156432290032,5.024148529135044,1.0788433795396097,3.5877814714921907,1.4050053314934454,81.11609367214749
94,Natt_helg,71.67346259465756,10.027461096779563,18.29907630856287,4.019305983190479,14.071731713406008,4.21070150619955,78.77207062600321
95,Dag_hverdag,79.56469924104623,15.185347801542997,5.249952957410776,1.2105626293671203,3.5877814714921907,1.6433544502289406,82.01295465869457
95,Natt_helg,71.64849796122161,10.13564117500208,18.215860863776317,3.9277689939252727,14.071731713406008,4.127486061412998,78.85232744783308
96,Dag_hverdag,79.39534591983943,15.266888289531455,5.337765790629116,1.1854732484475945,3.813585899767923,1.5053628551715488,80.71748878923766
96,Natt_helg,71.59856869434968,10.094033452608803,18.307397853041525,4.019305983190479,14.021802446534076,4.2772738620287925,78.73194221508828
97,Dag_hverdag,79.35143950323025,15.530326789186477,5.118233707583266,1.0976604152292542,3.606598507181835,1.4928181647117857,80.61783756851021
97,Natt_helg,72.0396105517184,10.143962719480735,17.816426728800867,4.027627527669135,13.589082133644004,4.219023050678206,78.53130016051364
98,Dag_hverdag,79.65251207426456,15.241798908611932,5.1056890171235025,1.1352944866085428,3.6630496142507685,1.4175500219532082,81.06626806178376
98,Natt_helg,72.16443371889822,9.894316385121078,17.941249895980693,3.661479570608305,14.055088624448697,3.8695181825746863,79.17335473515249
99,Dag_hverdag,79.29498839616133,15.41742457504861,5.287587028790065,1.2105626293671203,3.7947688640782786,1.4740011290221413,80.11958146487295
99,Natt_helg,71.86485811766664,10.152284263959391,17.98285761837397,3.8528750936173757,13.822085379046351,4.144129150370309,79.81540930979133
100,Dag_hverdag,78.74302201593176,15.774948253151855,5.48202973091639,1.216834974597002,3.826130590227686,1.6370821049990592,80.4185351270553
100,Natt_helg,71.82325039527336,10.019139552300906,18.157610052425728,4.052592161105101,13.896979279354248,4.252309228592827,79.0529695024077
101,Dag_hverdag,79.50197578874742,14.997177444646553,5.500846766606034,1.317192498275105,3.8386752806874487,1.6433544502289406,80.21923268560039
101,Natt_helg,71.50703170508447,10.50178913206291,17.991179162852625,3.9194474494466176,13.872014645918282,4.110842972455687,78.97271268057786
102,Dag_hverdag,79.83441008593113,15.041083861255725,5.124506052813147,1.041209308160321,3.6944113404001757,1.4112776767233268,80.86696562032884
102,Natt_helg,71.88150120662395,10.2438212532246,17.874677540151453,3.8528750936173757,13.847050012482317,4.019305983190479,79.0529695024077
103,Dag_hverdag,79.41416295552908,15.153986075393588,5.431850969077337,1.1039327604591356,3.826130590227686,1.5806309979301258,80.66766317887394
103,Natt_helg,71.90646584005992,10.32703669801115,17.766497461928935,3.7863027377881338,13.77215611217442,3.986019805275859,77.92937399678974
104,Dag_hverdag,79.0629116226557,15.800037634071378,5.13705074327291,1.0725710343097283,3.681866649940413,1.4363670576428527,80.11958146487295
104,Natt_helg,71.81492885079471,10.143962719480735,18.041108429724556,4.085878339019722,13.747191478738454,4.2772738620287925,79.21348314606742
105,Dag_hverdag,79.58978862196575,15.172803111083233,5.237408266951013,1.1478391770683058,3.681866649940413,1.5367245813209558,79.92027902341803
105,Natt_helg,71.52367479404177,10.510110676541567,17.96621452941666,3.8029458267454443,13.905300823832903,4.052592161105101,78.00963081861958
106,Dag_hverdag,79.69641849087374,15.19789249200276,5.1056890171235025,1.0913880699993728,3.7195007213197018,1.3673712601141566,80.01993024414548
106,Natt_helg,71.49871016060581,10.393609053840393,18.107680785553796,3.8695181825746863,14.046767079970044,4.052592161105101,78.85232744783308
107,Dag_hverdag,79.00018817035689,15.668318384243868,5.331493445399235,1.1917455936774761,3.819858244997805,1.4928181647117857,80.11958146487295
107,Natt_helg,72.34750769742865,10.035782641258217,17.61670966131314,3.7114088374802368,13.58076058916535,4.027627527669135,79.25361155698234
108,Dag_hverdag,79.61487800288528,15.248071253841811,5.13705074327291,1.053753998620084,3.656777269020887,1.4614564385623785,80.81714000996513
108,Natt_helg,72.34750769742865,10.318715153532496,17.333777149038863,3.8695181825746863,13.148040276275278,4.17741532828493,78.41091492776886
109,Dag_hverdag,79.21344790817287,15.248071253841811,5.538480837985323,1.3548265696543937,3.763407137928872,1.756256664366807,81.11609367214749
109,Natt_helg,72.02296746276109,10.002496463343597,17.974536073895315,3.8778397270533413,13.830406923525008,4.135807605891653,78.93258426966293
110,Dag_hverdag,79.45179702690837,15.473875682117544,5.074327290974096,1.1352944866085428,3.6316878881013612,1.4238223671830899,79.4718485301445
110,Natt_helg,72.16443371889822,10.29375052009653,17.541815761005243,3.886161271531997,13.47258051094283,4.060913705583756,77.48796147672552
111,Dag_hverdag,79.28871605093144,15.6244119676347,5.086871981433858,1.0286646177005583,3.6693219594806497,1.398732986263564,81.76382660687594
111,Natt_helg,72.33918615294999,10.185570441874011,17.475243405176,3.6698011150869605,13.539152866772072,3.9194474494466176,79.65489566613162
112,Dag_hverdag,79.8783165025403,14.953271028037381,5.168412469422317,1.1039327604591356,3.644232578561124,1.5053628551715488,80.91679123069258
112,Natt_helg,71.69842722809354,10.252142797703254,18.049429974203214,3.9111259049679625,13.755513023217109,4.285595406507447,79.17335473515249
113,Dag_hverdag,79.66505676472433,14.997177444646553,5.337765790629116,1.3234648435049865,3.6630496142507685,1.6558991406887036,81.01644245142003
113,Natt_helg,71.56528251643505,9.794457851377215,18.640259632187732,4.085878339019722,14.32969959224432,4.293916950986103,78.73194221508828
114,Dag_hverdag,79.51452047920718,15.260615944301575,5.22486357649125,1.179200903217713,3.5940538167220724,1.6119927240795335,80.66766317887394
114,Natt_helg,71.99800282932513,10.29375052009653,17.708246650578346,3.8778397270533413,13.639011400515935,4.060913705583756,78.53130016051364
115,Dag_hverdag,79.82813774070124,15.210437182462522,4.961425076836229,1.0725710343097283,3.5313303644232583,1.4112776767233268,81.31539611360239
115,Natt_helg,71.78164267288008,10.32703669801115,17.891320629108762,3.82791046018141,13.80544229008904,4.077556794541066,79.73515248796149
116,Dag_hverdag,80.0476698237471,14.80273474252023,5.149595433732673,1.0851157247694914,3.681866649940413,1.4489117481026155,81.21574489287494
116,Natt_helg,71.7067487725722,10.10235499708746,18.19089623034035,4.044270616626446,13.996837813098113,4.185736872763584,78.93258426966293
117,Dag_hverdag,79.48943109828765,15.580505551025528,4.930063350686821,1.1854732484475945,3.437245185975036,1.4740011290221413,80.91679123069258
117,Natt_helg,71.9480735624532,10.551718398934842,17.500208038611966,3.836232004660065,13.430972788549555,4.060913705583756,79.01284109149277
118,Dag_hverdag,78.54857931380543,15.837671705450667,5.6137489807439005,1.2983754625854609,3.851219971147212,1.7437119739070437,80.06975585450921
118,Natt_helg,71.7400349504868,10.585004576849464,17.674960472663727,4.094199883498377,13.45593742198552,4.2023799617208955,78.93258426966293
119,Dag_hverdag,79.57724393150599,15.166530765853354,5.256225302640657,1.0976604152292542,3.819858244997805,1.4175500219532082,80.4185351270553
119,Natt_helg,71.29067154863942,10.060747274694183,18.64858117666639,3.886161271531997,14.446201214945495,4.19405841724224,78.57142857142857
120,Dag_hverdag,79.47688640782789,15.291977670450981,5.2311359217211315,1.179200903217713,3.6944113404001757,1.5179075456313116,80.91679123069258
120,Natt_helg,71.64017641674295,10.185570441874011,18.17425314138304,3.9444120828825833,13.921943912790214,4.243987684114171,78.45104333868379
121,Dag_hverdag,79.66505676472433,14.99090509941667,5.344038135858998,1.041209308160321,3.857492316377093,1.46772878379226,81.21574489287494
121,Natt_helg,71.5569609719564,10.50178913206291,17.941249895980693,3.761338104352168,13.705583756345177,4.227344595156861,78.57142857142857
122,Dag_hverdag,79.1695414915637,15.404879884588848,5.425578623847457,1.0725710343097283,3.9829392209747225,1.4238223671830899,80.81714000996513
122,Natt_helg,72.1311475409836,10.385287509361737,17.483564949654657,3.7779811933094787,13.43929433302821,4.027627527669135,79.45425361155698
123,Dag_hverdag,79.18208618202345,15.37351815843944,5.4443956595371015,1.1102051056890172,3.9390328043655525,1.4865458194819043,80.56801195814649
123,Natt_helg,72.16443371889822,10.185570441874011,17.64999583922776,3.886161271531997,13.56411750020804,4.069235250062412,78.37078651685393
124,Dag_hverdag,79.6086056576554,15.210437182462522,5.180957159882079,1.066298689079847,3.7696794831587535,1.3924606410336824,81.01644245142003
124,Natt_helg,71.5569609719564,10.360322875925771,18.082716152117833,3.8695181825746863,13.996837813098113,4.069235250062412,78.85232744783308
125,Dag_hverdag,79.99121871667818,14.903092266198332,5.1056890171235025,1.0788433795396097,3.7195007213197018,1.3673712601141566,81.36522172396612
125,Natt_helg,71.7067487725722,10.368644420404427,17.924606807023384,3.6698011150869605,13.896979279354248,4.010984438711825,78.49117174959872
126,Dag_hverdag,79.05663927742583,15.561688515335884,5.381672207238286,1.0223922724706769,3.8637646616069747,1.4990905099416671,80.11958146487295
126,Natt_helg,72.14779062994093,10.360322875925771,17.49188649413331,3.7363734709162024,13.430972788549555,4.052592161105101,79.61476725521669
127,Dag_hverdag,80.26092956156306,14.714921909301887,5.024148529135044,1.0035752367810324,3.600326161951954,1.4050053314934454,81.36522172396612
127,Natt_helg,71.97303819588916,10.118998086044769,17.90796371806607,3.7030872930015812,13.980194724140802,3.9194474494466176,79.09309791332262
128,Dag_hverdag,79.55842689581635,15.31706705137051,5.124506052813147,1.0913880699993728,3.644232578561124,1.4614564385623785,81.36522172396612
128,Natt_helg,71.75667803944413,10.177248897395357,18.066073063160523,3.9277689939252727,13.83872846800366,4.21070150619955,79.37399678972713
129,Dag_hverdag,79.85322712162078,15.185347801542997,4.961425076836229,0.9345794392523363,3.681866649940413,1.260741391206172,80.86696562032884
129,Natt_helg,72.0562536406757,10.185570441874011,17.758175917450277,3.65315802612965,13.797120745610385,3.952733627361238,79.25361155698234
130,Dag_hverdag,79.55842689581635,15.185347801542997,5.256225302640657,1.1729285579878317,3.7383177570093453,1.4990905099416671,80.51818634778276
130,Natt_helg,72.01464591828244,10.118998086044769,17.866355995672798,4.019305983190479,13.688940667387866,4.169093783806274,79.0529695024077
131,Dag_hverdag,79.56469924104623,15.103807313554537,5.331493445399235,1.2795584268958164,3.681866649940413,1.630809759769178,80.26905829596413
131,Natt_helg,72.09786136306899,10.177248897395357,17.72488973953566,4.027627527669135,13.45593742198552,4.260630773071481,78.57142857142857
132,Dag_hverdag,79.84068243116101,14.85291350435928,5.306404064479709,1.2356520102866462,3.6693219594806497,1.6119927240795335,80.51818634778276
132,Natt_helg,71.43213780477656,10.110676541566114,18.45718565365732,3.9194474494466176,14.196554880585838,4.243987684114171,78.85232744783308
133,Dag_hverdag,79.2322649438625,15.436241610738255,5.331493445399235,1.1415668318384244,3.7069560308599385,1.5994480336197703,81.46487294469357
133,Natt_helg,71.84821502870933,10.46850295414829,17.683282017142382,4.077556794541066,13.297828076891072,4.377132395772655,78.00963081861958
134,Dag_hverdag,79.3702565389199,15.643229003324343,4.986514457755755,1.0349369629304397,3.606598507181835,1.3610989148842754,80.4185351270553
134,Natt_helg,71.63185487226428,10.019139552300906,18.349005575434802,4.235666139635516,13.780477656653076,4.56020637430307,78.330658105939
135,Dag_hverdag,78.93119237282819,15.900395157749484,5.168412469422317,1.1352944866085428,3.6505049237910057,1.4990905099416671,80.21923268560039
135,Natt_helg,71.97303819588916,10.376965964883082,17.64999583922776,3.661479570608305,13.655654489473246,3.986019805275859,79.45425361155698
136,Dag_hverdag,79.8783165025403,14.909364611428213,5.212318886031487,1.1039327604591356,3.7445901022392274,1.4489117481026155,80.46836073741903
136,Natt_helg,71.93975201797454,10.085711908130149,17.974536073895315,3.7779811933094787,13.905300823832903,4.052592161105101,78.41091492776886
137,Dag_hverdag,78.97509878943737,15.423696920278493,5.601204290284137,1.1164774509188984,4.120930816032114,1.4614564385623785,80.11958146487295
137,Natt_helg,71.3322792710327,10.218856619788633,18.448864109178665,4.110842972455687,14.146625613713907,4.293916950986103,78.6115569823435
138,Dag_hverdag,79.61487800288528,15.37351815843944,5.01160383867528,1.1478391770683058,3.5815091262623096,1.4112776767233268,81.41504733432984
138,Natt_helg,72.54722476491638,10.019139552300906,17.433635682782725,4.002662894233169,13.24789881001914,4.169093783806274,78.892455858748
139,Dag_hverdag,79.65251207426456,15.260615944301575,5.086871981433858,1.0161199272407953,3.644232578561124,1.4238223671830899,81.26557050323866
139,Natt_helg,71.590247149871,10.318715153532496,18.091037696596487,3.9277689939252727,13.855371556960971,4.227344595156861,78.97271268057786
140,Dag_hverdag,79.33262246754062,15.580505551025528,5.086871981433858,1.1039327604591356,3.5689644358025463,1.4990905099416671,81.16591928251121
140,Natt_helg,71.29899309311809,10.127319630523425,18.57368727635849,4.002662894233169,14.362985770158943,4.2023799617208955,78.6115569823435
141,Dag_hverdag,79.48315875305777,15.398607539358967,5.118233707583266,1.1039327604591356,3.644232578561124,1.455184093332497,81.36522172396612
141,Natt_helg,71.58192560539236,10.252142797703254,18.165931596904386,3.9693767163185485,13.855371556960971,4.302238495464758,78.81219903691814
142,Dag_hverdag,79.31380543185097,15.480148027347425,5.206046540801606,1.0913880699993728,3.7069560308599385,1.480273474252023,80.81714000996513
142,Natt_helg,72.04793209619706,9.727885495547973,18.224182408254972,4.318881584422068,13.697262211866523,4.5185986519097945,79.29373996789727
143,Dag_hverdag,79.72150787179326,15.323339396600389,4.955152731606348,1.1039327604591356,3.5564197453427835,1.3799159505739196,80.51818634778276
143,Natt_helg,71.90646584005992,10.210535075309977,17.882999084630107,4.110842972455687,13.539152866772072,4.335524673379379,79.17335473515249
144,Dag_hverdag,79.9096782286897,14.97836040895691,5.111961362353384,1.0725710343097283,3.681866649940413,1.4112776767233268,81.01644245142003
144,Natt_helg,71.76499958392277,10.127319630523425,18.107680785553796,4.069235250062412,13.847050012482317,4.252309228592827,79.29373996789727
145,Dag_hverdag,79.94103995483911,15.248071253841811,4.8108887913190745,1.041209308160321,3.4497898764347985,1.342281879194631,81.41504733432984
145,Natt_helg,72.08121827411168,9.952567196471666,17.96621452941666,4.069235250062412,13.705583756345177,4.243987684114171,79.49438202247191
146,Dag_hverdag,79.59606096719564,15.41742457504861,4.986514457755755,0.9157624035626921,3.6944113404001757,1.2732860816659348,81.31539611360239
146,Natt_helg,72.08953981859032,10.010818007822252,17.89964217358742,3.8611966380960308,13.813763834567697,4.077556794541066,78.77207062600321
147,Dag_hverdag,79.7089631813335,15.015994480336198,5.275042338330302,1.1164774509188984,3.7445901022392274,1.51163520040143,81.01644245142003
147,Natt_helg,72.06457518515437,10.343679786968462,17.591745027877174,3.82791046018141,13.630689856037282,3.952733627361238,79.53451043338684
148,Dag_hverdag,79.32007777708085,15.254343599071692,5.425578623847457,1.2544690459762906,3.788496518848397,1.6182650693094147,80.7673143996014
148,Natt_helg,71.86485811766664,10.227178164267288,17.90796371806607,3.836232004660065,13.780477656653076,4.119164516934343,78.45104333868379
149,Dag_hverdag,79.5396098601267,15.128896694474065,5.331493445399235,1.248196700746409,3.7069560308599385,1.6057203788496517,81.21574489287494
149,Natt_helg,71.64017641674295,10.29375052009653,18.066073063160523,4.085878339019722,13.58076058916535,4.476990929516518,78.53130016051364
150,Dag_hverdag,79.8093207050116,15.097534968324657,5.093144326663739,1.1164774509188984,3.612870852411717,1.455184093332497,81.41504733432984
150,Natt_helg,71.78996421735874,10.127319630523425,18.082716152117833,3.986019805275859,13.780477656653076,4.285595406507447,78.892455858748
151,Dag_hverdag,79.01900520604654,15.768675907921972,5.212318886031487,1.179200903217713,3.71322837608982,1.480273474252023,80.06975585450921
151,Natt_helg,72.39743696430058,10.044104185736872,17.558458849962552,4.127486061412998,13.306149621369725,4.235666139635516,80.01605136436596
152,Dag_hverdag,79.3388948127705,15.097534968324657,5.563570218904848,1.1290221413786616,4.026845637583892,1.5179075456313116,79.52167414050822
152,Natt_helg,72.09786136306899,9.669634684197387,18.232503952733627,3.728051926437547,13.946908546226181,4.268952317550137,79.85553772070627
153,Dag_hverdag,79.15699680110393,15.555416170106003,5.287587028790065,1.12274979614878,3.775951828388634,1.4928181647117857,80.21923268560039
153,Natt_helg,71.42381626029791,10.385287509361737,18.19089623034035,4.002662894233169,14.071731713406008,4.110842972455687,78.77207062600321
154,Dag_hverdag,79.61487800288528,15.360973467979678,5.024148529135044,1.0349369629304397,3.6379602333312424,1.3673712601141566,80.91679123069258
154,Natt_helg,71.2407422817675,10.543396854456187,18.215860863776317,3.728051926437547,14.196554880585838,4.002662894233169,78.65168539325843
155,Dag_hverdag,79.8093207050116,15.091262623094776,5.099416671893621,1.0098475820109138,3.688138995170294,1.3924606410336824,81.56452416542102
155,Natt_helg,71.49038861612715,10.218856619788633,18.290754764084213,3.961055171839893,14.038445535491388,4.235666139635516,78.85232744783308
156,Dag_hverdag,79.35771184846014,15.480148027347425,5.162140124192435,1.041209308160321,3.7383177570093453,1.398732986263564,81.11609367214749
156,Natt_helg,71.02438212532246,10.568361487892153,18.407256386785388,4.002662894233169,14.113339435799285,4.2772738620287925,77.76886035313002
157,Dag_hverdag,79.6086056576554,15.360973467979678,5.030420874364925,1.0788433795396097,3.5877814714921907,1.4238223671830899,80.91679123069258
157,Natt_helg,71.80660730631605,10.160605808438046,18.0327868852459,3.65315802612965,14.17159024714987,3.8445535491387206,79.37399678972713
158,Dag_hverdag,79.35771184846014,15.37351815843944,5.26876999310042,1.1415668318384244,3.7383177570093453,1.51163520040143,80.86696562032884
158,Natt_helg,71.53199633852043,10.418573687276359,18.049429974203214,4.085878339019722,13.763834567695765,4.2772738620287925,78.37078651685393
159,Dag_hverdag,79.72150787179326,15.19789249200276,5.080599636203977,1.0474816533902027,3.656777269020887,1.4050053314934454,80.61783756851021
159,Natt_helg,72.01464591828244,10.10235499708746,17.882999084630107,3.819588915702755,13.747191478738454,4.119164516934343,79.0529695024077
160,Dag_hverdag,79.69014614564387,15.053628551715487,5.256225302640657,1.204290284137239,3.688138995170294,1.5429969265508374,79.8704534130543
160,Natt_helg,71.35724390446867,10.177248897395357,18.465507198135974,4.127486061412998,14.129982524756596,4.327203128900724,78.29052969502408
161,Dag_hverdag,79.33262246754062,15.486420372577307,5.180957159882079,1.1541115222981873,3.6755943047105313,1.4865458194819043,81.21574489287494
161,Natt_helg,71.7982857618374,9.952567196471666,18.24914704169094,4.085878339019722,13.971873179662145,4.268952317550137,78.41091492776886
162,Dag_hverdag,78.96882644420748,16.038386752806876,4.992786802985636,0.9659411654017437,3.606598507181835,1.3673712601141566,81.11609367214749
162,Natt_helg,71.10759757010902,10.368644420404427,18.52375800948656,4.135807605891653,14.229841058500458,4.285595406507447,78.29052969502408
163,Dag_hverdag,79.19463087248322,15.27943297999122,5.5259361475255595,1.2732860816659348,3.9013987329862636,1.6057203788496517,80.26905829596413
163,Natt_helg,72.17275526337689,9.910959474078389,17.91628526254473,3.7446950153948575,13.855371556960971,4.052592161105101,78.77207062600321
164,Dag_hverdag,79.57724393150599,15.41742457504861,5.005331493445399,1.179200903217713,3.4874239478140874,1.4990905099416671,81.46487294469357
164,Natt_helg,72.38911541982192,9.977531829907631,17.63335275027045,3.9776982607972036,13.43929433302821,4.185736872763584,78.81219903691814
165,Dag_hverdag,79.7403249074829,15.229254218152166,5.030420874364925,1.1603838675280687,3.5187856739634946,1.4928181647117857,80.36870951669158
165,Natt_helg,71.97303819588916,10.110676541566114,17.91628526254473,3.9444120828825833,13.763834567695765,4.144129150370309,78.21027287319421
166,Dag_hverdag,79.53333751489681,15.32961174183027,5.13705074327291,1.0098475820109138,3.8010412093081607,1.3109201530452237,81.36522172396612
166,Natt_helg,72.1145044520263,10.160605808438046,17.72488973953566,3.8695181825746863,13.647332944994591,4.069235250062412,78.97271268057786
167,Dag_hverdag,79.43297999121872,15.649501348554223,4.917518660227059,1.0098475820109138,3.5689644358025463,1.329737188734868,80.61783756851021
167,Natt_helg,71.72339186152949,10.593326121328118,17.683282017142382,3.728051926437547,13.688940667387866,3.986019805275859,79.09309791332262
168,Dag_hverdag,79.17581383679358,15.50523740826695,5.318948754939472,0.9847582010913881,3.882581697296619,1.4175500219532082,80.46836073741903
168,Natt_helg,72.0562536406757,10.027461096779563,17.91628526254473,4.027627527669135,13.688940667387866,4.219023050678206,79.01284109149277
169,Dag_hverdag,79.41416295552908,15.404879884588848,5.180957159882079,1.1478391770683058,3.6505049237910057,1.51163520040143,80.36870951669158
169,Natt_helg,72.18107680785553,10.069068819172838,17.749854372971622,3.753016559873513,13.747191478738454,3.994341349754514,79.53451043338684
170,Dag_hverdag,79.5709715862761,15.455058646427899,4.9739697672959915,1.0349369629304397,3.5564197453427835,1.398732986263564,81.01644245142003
170,Natt_helg,71.91478738453857,10.185570441874011,17.89964217358742,3.719730381958892,13.921943912790214,3.9693767163185485,78.6115569823435
171,Dag_hverdag,79.61487800288528,15.2857053252211,5.099416671893621,1.0913880699993728,3.656777269020887,1.4238223671830899,80.61783756851021
171,Natt_helg,71.84821502870933,10.1689273529167,17.98285761837397,3.8029458267454443,13.888657734875592,4.085878339019722,78.65168539325843
172,Dag_hverdag,79.84695477639089,14.80273474252023,5.350310481088879,1.2670137364360534,3.725773066549583,1.6057203788496517,81.11609367214749
172,Natt_helg,72.08121827411168,10.418573687276359,17.500208038611966,3.7114088374802368,13.522509777814761,3.961055171839893,78.85232744783308
173,Dag_hverdag,79.55842689581635,15.323339396600389,5.118233707583266,1.053753998620084,3.7195007213197018,1.3799159505739196,80.56801195814649
173,Natt_helg,71.590247149871,9.80277939585587,18.606973454273113,4.402097029208621,14.080053257884664,4.5185986519097945,78.6115569823435
174,Dag_hverdag,79.5709715862761,14.94072633757762,5.488302076146271,1.2293796650567648,3.888854042526501,1.5618139622404816,80.31888390632786
174,Natt_helg,71.75667803944413,10.252142797703254,17.991179162852625,3.8445535491387206,13.863693101439628,4.119164516934343,78.77207062600321
175,Dag_hverdag,79.32635012231073,15.27943297999122,5.394216897698049,1.1352944866085428,3.9139434234460264,1.4614564385623785,80.06975585450921
175,Natt_helg,71.98135974036781,10.518432221020221,17.500208038611966,3.6281933926936842,13.672297578430555,3.819588915702755,79.49438202247191
176,Dag_hverdag,80.02885278805746,14.972088063727027,4.999059148215518,1.0098475820109138,3.6379602333312424,1.342281879194631,80.31888390632786
176,Natt_helg,71.45710243821253,10.352001331447116,18.19089623034035,3.952733627361238,14.055088624448697,4.127486061412998,79.17335473515249
177,Dag_hverdag,79.98494637144829,15.015994480336198,4.999059148215518,0.9847582010913881,3.606598507181835,1.3736436053440382,80.86696562032884
177,Natt_helg,71.23242073728883,10.285428975617874,18.482150287093287,3.9444120828825833,14.2964134143297,4.169093783806274,78.41091492776886
178,Dag_hverdag,78.91864768236843,15.49896506303707,5.582387254594493,1.2105626293671203,3.9829392209747225,1.5806309979301258,80.56801195814649
178,Natt_helg,72.49729549804444,10.443538320712324,17.05916618124324,3.686444204044271,13.173004909711242,3.8778397270533413,79.97592295345103
179,Dag_hverdag,79.62115034811515,15.229254218152166,5.149595433732673,1.0600263438499655,3.7445901022392274,1.386188295803801,81.11609367214749
179,Natt_helg,72.09786136306899,9.952567196471666,17.94957144045935,3.902804360489307,13.813763834567697,4.119164516934343,79.17335473515249
180,Dag_hverdag,79.01900520604654,15.881578122059839,5.099416671893621,1.0223922724706769,3.644232578561124,1.4363670576428527,80.66766317887394
180,Natt_helg,71.80660730631605,10.094033452608803,18.099359241075145,3.8695181825746863,13.93026545726887,4.152450694848964,79.41412520064205
181,Dag_hverdag,79.1695414915637,15.737314181772566,5.093144326663739,0.9784858558615066,3.7320454117794646,1.342281879194631,81.06626806178376
181,Natt_helg,72.1311475409836,10.46850295414829,17.400349504868103,3.644836481650995,13.514188233336109,3.8778397270533413,79.65489566613162
182,Dag_hverdag,79.32007777708085,15.486420372577307,5.1935018503418435,1.0976604152292542,3.7571347926989898,1.4175500219532082,81.5146985550573
182,Natt_helg,71.82325039527336,10.2438212532246,17.93292835150204,3.886161271531997,13.797120745610385,4.127486061412998,78.00963081861958
183,Dag_hverdag,79.60233331242551,15.354701122749795,5.042965564824688,1.041209308160321,3.619143197641598,1.4050053314934454,80.81714000996513
183,Natt_helg,72.16443371889822,9.969210285428975,17.866355995672798,3.82791046018141,13.77215611217442,4.077556794541066,79.3338683788122
184,Dag_hverdag,79.41416295552908,15.229254218152166,5.3565828263187605,1.179200903217713,3.750862447469109,1.5869033431600077,79.77080219232685
184,Natt_helg,71.93143047349588,10.260464342181908,17.80810518432221,3.794624282266789,13.797120745610385,3.994341349754514,79.89566613162118
185,Dag_hverdag,79.44552468167848,15.298250015680864,5.256225302640657,1.1164774509188984,3.7571347926989898,1.480273474252023,80.91679123069258
185,Natt_helg,71.67346259465756,9.80277939585587,18.52375800948656,4.077556794541066,14.213197969543149,4.302238495464758,79.3338683788122
186,Dag_hverdag,79.947312300069,15.11007965878442,4.942608041146585,1.1415668318384244,3.575236781032428,1.3485542244245123,80.66766317887394
186,Natt_helg,72.00632437380378,10.535075309977532,17.45860031621869,3.5366564034284766,13.630689856037282,3.819588915702755,78.65168539325843
187,Dag_hverdag,80.07275920466662,14.859185849589164,5.068054945744214,1.0035752367810324,3.7571347926989898,1.2921031173555793,80.71748878923766
187,Natt_helg,71.89814429558126,9.869351751685112,18.232503952733627,4.102521427977032,13.855371556960971,4.368810851294,79.25361155698234
188,Dag_hverdag,79.28244370570157,15.266888289531455,5.450668004766982,1.1478391770683058,3.882581697296619,1.5492692717807188,80.31888390632786
188,Natt_helg,71.81492885079471,10.460181409669635,17.72488973953566,3.936090538403928,13.530831322293418,4.185736872763584,78.81219903691814
189,Dag_hverdag,79.19463087248322,15.530326789186477,5.275042338330302,1.2231073198268831,3.656777269020887,1.5994480336197703,80.26905829596413
189,Natt_helg,71.93143047349588,9.861030207206458,18.20753931929766,4.119164516934343,13.905300823832903,4.293916950986103,78.6115569823435
190,Dag_hverdag,79.05036693219594,15.693407765163395,5.256225302640657,1.0098475820109138,3.8449476259173303,1.3924606410336824,80.21923268560039
190,Natt_helg,71.32395772655404,10.193891986352668,18.482150287093287,4.144129150370309,14.071731713406008,4.402097029208621,78.65168539325843
191,Dag_hverdag,79.08172865834536,15.455058646427899,5.463212695226746,1.1603838675280687,3.882581697296619,1.5618139622404816,79.52167414050822
191,Natt_helg,71.93975201797454,10.385287509361737,17.674960472663727,3.644836481650995,13.639011400515935,4.027627527669135,79.21348314606742
192,Dag_hverdag,79.09427334880512,15.455058646427899,5.450668004766982,1.1917455936774761,3.857492316377093,1.5743586527002447,80.51818634778276
192,Natt_helg,71.44878089373388,10.285428975617874,18.26579013064825,3.9693767163185485,14.105017891320628,4.152450694848964,78.81219903691814
193,Dag_hverdag,79.69014614564387,15.153986075393588,5.155867778962555,1.1541115222981873,3.6755943047105313,1.4614564385623785,80.7673143996014
193,Natt_helg,72.13946908546227,10.443538320712324,17.416992593825416,3.8778397270533413,13.364400432720313,4.044270616626446,79.17335473515249
194,Dag_hverdag,79.1319074201844,15.793765288841499,5.074327290974096,1.0976604152292542,3.688138995170294,1.3673712601141566,80.21923268560039
194,Natt_helg,71.66514105017892,10.035782641258217,18.29907630856287,4.052592161105101,13.96355163518349,4.327203128900724,78.81219903691814
195,Dag_hverdag,79.28244370570157,15.27943297999122,5.438123314307219,1.1352944866085428,3.932760459135671,1.4865458194819043,81.06626806178376
195,Natt_helg,71.75667803944413,10.152284263959391,18.091037696596487,4.010984438711825,13.830406923525008,4.243987684114171,78.81219903691814
196,Dag_hverdag,79.46434171736813,15.360973467979678,5.174684814652199,1.260741391206172,3.644232578561124,1.51163520040143,80.11958146487295
196,Natt_helg,71.87317966214529,10.268785886660565,17.85803445119414,3.8611966380960308,13.813763834567697,4.03594907214779,78.330658105939
197,Dag_hverdag,79.61487800288528,15.2857053252211,5.099416671893621,1.0600263438499655,3.6505049237910057,1.430094712412971,80.96661684105631
197,Natt_helg,72.2060414412915,10.10235499708746,17.691603561621037,3.661479570608305,13.780477656653076,3.902804360489307,78.93258426966293
198,Dag_hverdag,79.47688640782789,15.392335194129084,5.130778398043028,1.1164774509188984,3.6755943047105313,1.4363670576428527,80.36870951669158
198,Natt_helg,72.34750769742865,10.160605808438046,17.49188649413331,3.902804360489307,13.356078888241656,4.127486061412998,79.3338683788122
199,Dag_hverdag,79.26989901524179,15.348428777519915,5.381672207238286,1.2419243555165276,3.71322837608982,1.649626795458822,80.7673143996014
199,Natt_helg,72.1311475409836,9.985853374386286,17.882999084630107,4.027627527669135,13.713905300823834,4.160772239327619,79.09309791332262
200,Dag_hverdag,79.28244370570157,15.448786301198018,5.26876999310042,1.1917455936774761,3.6944113404001757,1.5555416170106002,81.11609367214749
200,Natt_helg,71.80660730631605,10.302072064575185,17.891320629108762,3.9444120828825833,13.747191478738454,4.127486061412998,78.93258426966293
201,Dag_hverdag,78.80574546823057,15.693407765163395,5.500846766606034,1.1039327604591356,3.920215768675908,1.5618139622404816,80.71748878923766
201,Natt_helg,71.22409919281019,10.29375052009653,18.482150287093287,3.9776982607972036,14.2964134143297,4.17741532828493,79.45425361155698
202,Dag_hverdag,79.30126074139122,15.31706705137051,5.381672207238286,1.1290221413786616,3.826130590227686,1.5367245813209558,79.32237169905332
202,Natt_helg,72.43904468669385,10.260464342181908,17.30049097112424,3.661479570608305,13.397686610634935,3.894482816010652,79.7752808988764
203,Dag_hverdag,79.06918396788559,15.71222480085304,5.218591231261368,1.2544690459762906,3.681866649940413,1.5179075456313116,81.21574489287494
203,Natt_helg,72.17275526337689,10.094033452608803,17.733211284014313,4.002662894233169,13.430972788549555,4.293916950986103,78.41091492776886
204,Dag_hverdag,79.40789061029919,15.37351815843944,5.218591231261368,1.1039327604591356,3.7571347926989898,1.430094712412971,81.01644245142003
204,Natt_helg,72.14779062994093,10.027461096779563,17.82474827327952,3.65315802612965,13.888657734875592,3.9277689939252727,79.0529695024077
205,Dag_hverdag,79.62115034811515,15.41742457504861,4.961425076836229,1.12274979614878,3.5689644358025463,1.3736436053440382,80.96661684105631
205,Natt_helg,72.56386785387367,9.877673296163767,17.558458849962552,3.7446950153948575,13.589082133644004,3.961055171839893,80.09630818619583
206,Dag_hverdag,79.5709715862761,15.128896694474065,5.300131719249827,1.0725710343097283,3.8073135545380414,1.4740011290221413,80.71748878923766
206,Natt_helg,71.81492885079471,10.185570441874011,17.999500707331283,3.8778397270533413,13.91362236831156,4.060913705583756,78.65168539325843
207,Dag_hverdag,79.82186539547136,15.059900896945368,5.118233707583266,1.2544690459762906,3.562692090572665,1.5304522360910744,80.36870951669158
207,Natt_helg,71.57360406091371,10.493467587584256,17.93292835150204,4.03594907214779,13.630689856037282,4.293916950986103,78.6115569823435
208,Dag_hverdag,78.730477325472,15.81258232453114,5.456940349996864,1.2670137364360534,3.8324029354575675,1.6057203788496517,80.46836073741903
208,Natt_helg,72.08121827411168,10.202213530831322,17.716568195057004,3.8611966380960308,13.655654489473246,4.044270616626446,78.65168539325843
209,Dag_hverdag,79.65878441949444,15.335884087060153,5.005331493445399,0.9220347487925735,3.7069560308599385,1.2795584268958164,81.16591928251121
209,Natt_helg,71.7067487725722,10.202213530831322,18.091037696596487,3.986019805275859,13.872014645918282,4.2023799617208955,78.49117174959872
210,Dag_hverdag,79.3388948127705,15.524054443956596,5.13705074327291,1.0161199272407953,3.7696794831587535,1.3485542244245123,79.82062780269058
210,Natt_helg,71.44878089373388,10.543396854456187,18.007822251809934,4.243987684114171,13.639011400515935,4.360489306815345,79.25361155698234
211,Dag_hverdag,78.85592423006962,15.718497146082921,5.425578623847457,1.1415668318384244,3.895126387756382,1.51163520040143,79.97010463378177
211,Natt_helg,72.08953981859032,10.318715153532496,17.591745027877174,3.753016559873513,13.522509777814761,4.052592161105101,78.69181380417335
212,Dag_hverdag,79.54588220535658,15.147713730163709,5.306404064479709,1.0913880699993728,3.8073135545380414,1.480273474252023,79.92027902341803
212,Natt_helg,71.78996421735874,9.96088874095032,18.24914704169094,4.052592161105101,13.971873179662145,4.268952317550137,78.85232744783308
213,Dag_hverdag,79.31380543185097,15.59305024148529,5.093144326663739,1.0600263438499655,3.6693219594806497,1.4050053314934454,81.36522172396612
213,Natt_helg,72.40575850877923,9.969210285428975,17.625031205791792,4.160772239327619,13.23125572106183,4.385453940251311,78.97271268057786
214,Dag_hverdag,79.75286959794266,15.141441384933826,5.1056890171235025,1.1478391770683058,3.619143197641598,1.46772878379226,81.21574489287494
214,Natt_helg,71.64849796122161,10.227178164267288,18.12432387451111,3.761338104352168,14.055088624448697,4.060913705583756,79.3338683788122
215,Dag_hverdag,79.6086056576554,15.2857053252211,5.1056890171235025,1.0725710343097283,3.612870852411717,1.4740011290221413,81.11609367214749
215,Natt_helg,71.82325039527336,10.143962719480735,18.0327868852459,3.886161271531997,13.830406923525008,4.185736872763584,78.29052969502408
216,Dag_hverdag,79.45806937213824,15.135169039703944,5.406761588157813,1.2356520102866462,3.819858244997805,1.5680863074703633,80.81714000996513
216,Natt_helg,71.20745610385288,10.285428975617874,18.50711492052925,4.119164516934343,14.129982524756596,4.368810851294,78.45104333868379
217,Dag_hverdag,79.27617136047168,15.2857053252211,5.438123314307219,1.0725710343097283,3.989211566204604,1.430094712412971,80.36870951669158
217,Natt_helg,71.83157193975201,10.343679786968462,17.82474827327952,3.6115503037363736,14.021802446534076,3.794624282266789,78.69181380417335
218,Dag_hverdag,79.47688640782789,15.41742457504861,5.1056890171235025,0.9784858558615066,3.71322837608982,1.3736436053440382,80.21923268560039
218,Natt_helg,72.12282599650494,9.894316385121078,17.98285761837397,3.994341349754514,13.788799201131729,4.185736872763584,78.81219903691814
219,Dag_hverdag,79.42670764598884,15.103807313554537,5.469485040456626,1.1352944866085428,3.9578498400551965,1.4928181647117857,81.06626806178376
219,Natt_helg,71.93143047349588,10.185570441874011,17.882999084630107,3.8528750936173757,13.722226845302487,4.152450694848964,79.17335473515249
220,Dag_hverdag,79.26989901524179,15.423696920278493,5.306404064479709,1.1478391770683058,3.826130590227686,1.4614564385623785,80.06975585450921
220,Natt_helg,72.1311475409836,10.285428975617874,17.58342348339852,3.7030872930015812,13.56411750020804,4.002662894233169,79.49438202247191
221,Dag_hverdag,79.67760145518409,15.19789249200276,5.124506052813147,1.0851157247694914,3.6755943047105313,1.430094712412971,81.06626806178376
221,Natt_helg,71.54863942747774,9.894316385121078,18.557044187401182,4.19405841724224,14.113339435799285,4.435383207123242,78.57142857142857
222,Dag_hverdag,79.23853728909239,15.58677789625541,5.174684814652199,1.1290221413786616,3.7006836856300573,1.455184093332497,79.82062780269058
222,Natt_helg,71.83157193975201,10.65989847715736,17.50852958309062,3.894482816010652,13.430972788549555,4.060913705583756,77.92937399678974
223,Dag_hverdag,79.19463087248322,15.41742457504861,5.387944552468168,1.1164774509188984,3.851219971147212,1.5179075456313116,80.7673143996014
223,Natt_helg,72.03128900723974,10.060747274694183,17.90796371806607,4.044270616626446,13.622368311558624,4.2772738620287925,78.65168539325843
224,Dag_hverdag,78.6301198017939,15.975663300508062,5.394216897698049,1.2732860816659348,3.7445901022392274,1.630809759769178,80.36870951669158
224,Natt_helg,71.60689023882833,10.410252142797702,17.98285761837397,4.069235250062412,13.77215611217442,4.2023799617208955,79.49438202247191
225,Dag_hverdag,79.22599259863263,15.216709527692403,5.557297873674967,1.1854732484475945,3.9453051495954337,1.5869033431600077,80.7673143996014
225,Natt_helg,71.80660730631605,10.1689273529167,18.024465340767247,3.9776982607972036,13.813763834567697,4.2023799617208955,79.57463884430177
226,Dag_hverdag,79.67132910995421,15.015994480336198,5.31267640970959,1.1478391770683058,3.7571347926989898,1.5367245813209558,81.46487294469357
226,Natt_helg,71.72339186152949,9.844387118249147,18.432221020221355,3.8029458267454443,14.338021136722976,4.085878339019722,79.57463884430177
227,Dag_hverdag,78.57366869472496,15.731041836542683,5.695289468732359,1.2231073198268831,4.120930816032114,1.5555416170106002,80.06975585450921
227,Natt_helg,72.23932761920612,10.010818007822252,17.749854372971622,3.9693767163185485,13.430972788549555,4.310560039943414,79.0529695024077
228,Dag_hverdag,79.79050366932195,15.003449789876436,5.206046540801606,1.1603838675280687,3.681866649940413,1.5053628551715488,80.86696562032884
228,Natt_helg,71.86485811766664,10.069068819172838,18.066073063160523,3.961055171839893,13.830406923525008,4.227344595156861,78.73194221508828
229,Dag_hverdag,79.42043530075895,15.2857053252211,5.293859374019946,1.1666562127579503,3.775951828388634,1.4990905099416671,80.11958146487295
229,Natt_helg,71.77332112840143,10.019139552300906,18.20753931929766,3.9444120828825833,14.15494715819256,4.044270616626446,79.3338683788122
230,Dag_hverdag,79.3388948127705,15.1163520040143,5.544753183215204,1.2105626293671203,3.9390328043655525,1.5869033431600077,80.51818634778276
230,Natt_helg,71.81492885079471,10.410252142797702,17.77481900640759,3.8611966380960308,13.713905300823834,4.052592161105101,78.85232744783308
231,Dag_hverdag,79.74659725271279,15.166530765853354,5.086871981433858,1.1102051056890172,3.6944113404001757,1.3736436053440382,80.96661684105631
231,Natt_helg,71.7400349504868,10.118998086044769,18.14096696346842,4.069235250062412,13.880336190396939,4.252309228592827,78.892455858748
232,Dag_hverdag,79.9786740262184,15.084990277864893,4.9363356959167035,1.0474816533902027,3.5187856739634946,1.398732986263564,80.7673143996014
232,Natt_helg,71.37388699342598,10.285428975617874,18.340684030956144,3.9693767163185485,14.12166098027794,4.21070150619955,78.6115569823435
233,Dag_hverdag,79.35771184846014,15.298250015680864,5.344038135858998,1.0851157247694914,3.9453051495954337,1.3799159505739196,81.36522172396612
233,Natt_helg,72.40575850877923,10.193891986352668,17.400349504868103,3.7779811933094787,13.45593742198552,3.936090538403928,79.37399678972713
234,Dag_hverdag,79.0315498965063,15.561688515335884,5.406761588157813,1.216834974597002,3.8637646616069747,1.524179890861193,80.06975585450921
234,Natt_helg,72.02296746276109,10.160605808438046,17.816426728800867,3.9277689939252727,13.59740367812266,4.21070150619955,78.53130016051364
235,Dag_hverdag,79.99121871667818,15.034811516025842,4.9739697672959915,1.12274979614878,3.4435175312049178,1.51163520040143,81.81365221723966
235,Natt_helg,71.39053008238328,10.510110676541567,18.099359241075145,4.2023799617208955,13.747191478738454,4.343846217858034,78.97271268057786
236,Dag_hverdag,79.45179702690837,15.404879884588848,5.1433230885027905,1.0851157247694914,3.6693219594806497,1.455184093332497,81.11609367214749
236,Natt_helg,71.99800282932513,10.2438212532246,17.758175917450277,4.010984438711825,13.45593742198552,4.293916950986103,79.13322632423755
237,Dag_hverdag,79.55215455058647,15.122624349244182,5.325221100169354,1.1666562127579503,3.8073135545380414,1.4990905099416671,81.06626806178376
237,Natt_helg,72.16443371889822,10.210535075309977,17.625031205791792,3.753016559873513,13.655654489473246,3.961055171839893,79.37399678972713
238,Dag_hverdag,79.28871605093144,15.6244119676347,5.086871981433858,1.041209308160321,3.6505049237910057,1.4175500219532082,80.86696562032884
238,Natt_helg,71.83157193975201,10.43521677623367,17.733211284014313,3.694765748522926,13.77215611217442,3.952733627361238,79.01284109149277
239,Dag_hverdag,79.63369503857493,15.160258420623471,5.206046540801606,1.1917455936774761,3.6316878881013612,1.5555416170106002,80.06975585450921
239,Natt_helg,71.3156361820754,10.002496463343597,18.681867354581012,4.019305983190479,14.412915037030874,4.260630773071481,78.330658105939
240,Dag_hverdag,79.07545631311548,15.649501348554223,5.275042338330302,1.0600263438499655,3.8700370068368564,1.386188295803801,80.16940707523668
240,Natt_helg,71.50703170508447,10.551718398934842,17.941249895980693,3.994341349754514,13.622368311558624,4.310560039943414,77.72873194221509
241,Dag_hverdag,79.84068243116101,14.903092266198332,5.256225302640657,1.1102051056890172,3.819858244997805,1.4175500219532082,80.91679123069258
241,Natt_helg,72.1311475409836,10.476824498626945,17.39202796038945,3.819588915702755,13.297828076891072,4.085878339019722,78.93258426966293
242,Dag_hverdag,79.17581383679358,15.58677789625541,5.237408266951013,1.1352944866085428,3.7006836856300573,1.5179075456313116,81.01644245142003
242,Natt_helg,70.92452359157859,11.001081800782226,18.074394607639178,3.82791046018141,13.946908546226181,4.119164516934343,78.49117174959872
243,Dag_hverdag,79.05663927742583,15.743586527002446,5.199774195571724,1.1917455936774761,3.7571347926989898,1.4175500219532082,80.36870951669158
243,Natt_helg,71.66514105017892,9.969210285428975,18.36564866439211,4.010984438711825,14.15494715819256,4.19405841724224,78.330658105939
244,Dag_hverdag,78.81829015869033,15.793765288841499,5.387944552468168,1.2670137364360534,3.7320454117794646,1.6370821049990592,80.36870951669158
244,Natt_helg,71.99800282932513,10.218856619788633,17.783140550886245,3.8528750936173757,13.697262211866523,4.077556794541066,78.37078651685393
245,Dag_hverdag,79.85949946685066,15.135169039703944,5.005331493445399,1.0725710343097283,3.6630496142507685,1.3234648435049865,81.16591928251121
245,Natt_helg,72.04793209619706,10.385287509361737,17.56678039444121,3.7363734709162024,13.464258966464177,4.094199883498377,79.37399678972713
246,Dag_hverdag,79.27617136047168,15.599322586715173,5.124506052813147,1.0474816533902027,3.7445901022392274,1.3610989148842754,81.36522172396612
246,Natt_helg,71.81492885079471,10.43521677623367,17.749854372971622,3.9693767163185485,13.56411750020804,4.17741532828493,79.0529695024077
247,Dag_hverdag,79.53333751489681,15.179075456313115,5.287587028790065,1.1603838675280687,3.7571347926989898,1.51163520040143,80.16940707523668
247,Natt_helg,71.36556544894732,10.65989847715736,17.974536073895315,3.82791046018141,13.680619122909214,4.285595406507447,77.80898876404494
248,Dag_hverdag,79.52706516966694,15.204164837232643,5.26876999310042,1.2105626293671203,3.725773066549583,1.524179890861193,80.66766317887394
248,Natt_helg,71.38220853790463,10.285428975617874,18.33236248647749,3.7863027377881338,14.313056503287012,4.010984438711825,79.01284109149277
249,Dag_hverdag,79.5709715862761,15.047356206485604,5.381672207238286,1.2544690459762906,3.688138995170294,1.6747161763783478,80.7673143996014
249,Natt_helg,72.2060414412915,10.526753765498876,17.26720479320962,3.7114088374802368,13.314471165848381,3.9444120828825833,79.21348314606742
250,Dag_hverdag,79.56469924104623,15.185347801542997,5.249952957410776,1.12274979614878,3.7947688640782786,1.4363670576428527,79.82062780269058
250,Natt_helg,72.2809353415994,10.177248897395357,17.541815761005243,3.761338104352168,13.497545144378797,4.03594907214779,79.57463884430177
251,Dag_hverdag,79.88458884777017,15.166530765853354,4.948880386376466,0.9659411654017437,3.575236781032428,1.3548265696543937,81.76382660687594
251,Natt_helg,71.56528251643505,9.969210285428975,18.465507198135974,3.9776982607972036,14.163268702671218,4.285595406507447,79.09309791332262
252,Dag_hverdag,79.55842689581635,15.304522360910743,5.13705074327291,1.1854732484475945,3.5187856739634946,1.5994480336197703,81.06626806178376
252,Natt_helg,71.3322792710327,10.118998086044769,18.548722642922527,3.719730381958892,14.604310560039943,3.936090538403928,79.3338683788122
253,Dag_hverdag,79.85322712162078,14.896819920968449,5.249952957410776,1.1729285579878317,3.8010412093081607,1.430094712412971,80.31888390632786
253,Natt_helg,71.98135974036781,10.077390363651494,17.941249895980693,3.7446950153948575,13.955230090704834,3.9776982607972036,79.17335473515249
254,Dag_hverdag,79.48315875305777,15.291977670450981,5.22486357649125,1.0913880699993728,3.7822241736185163,1.4238223671830899,80.91679123069258
254,Natt_helg,71.89814429558126,10.318715153532496,17.783140550886245,4.002662894233169,13.572439044686693,4.2023799617208955,79.01284109149277
255,Dag_hverdag,79.43297999121872,15.273160634761338,5.293859374019946,1.2419243555165276,3.6755943047105313,1.5994480336197703,80.66766317887394
255,Natt_helg,72.19771989681286,10.177248897395357,17.625031205791792,3.794624282266789,13.655654489473246,3.961055171839893,78.00963081861958
256,Dag_hverdag,79.89086119300006,14.871730540048924,5.237408266951013,1.1980179389073575,3.6630496142507685,1.5555416170106002,80.71748878923766
256,Natt_helg,71.77332112840143,10.535075309977532,17.691603561621037,3.7863027377881338,13.705583756345177,3.9776982607972036,78.892455858748
257,Dag_hverdag,79.55215455058647,15.636956658094462,4.8108887913190745,1.066298689079847,3.430972840745155,1.3548265696543937,80.71748878923766
257,Natt_helg,71.82325039527336,10.227178164267288,17.94957144045935,3.8778397270533413,13.655654489473246,4.2772738620287925,78.6115569823435
258,Dag_hverdag,79.12563507495453,15.63068431286458,5.243680612180895,1.2105626293671203,3.6505049237910057,1.5743586527002447,81.01644245142003
258,Natt_helg,72.47233086460847,10.260464342181908,17.26720479320962,3.47840559207789,13.43929433302821,3.819588915702755,79.17335473515249
259,Dag_hverdag,79.22599259863263,15.687135419933512,5.086871981433858,1.0851157247694914,3.6755943047105313,1.3924606410336824,79.97010463378177
259,Natt_helg,72.01464591828244,9.952567196471666,18.0327868852459,3.8695181825746863,13.96355163518349,4.052592161105101,78.892455858748
260,Dag_hverdag,79.78423132409208,15.291977670450981,4.92379100545694,1.12274979614878,3.3870664241359845,1.5179075456313116,81.01644245142003
260,Natt_helg,71.99800282932513,10.152284263959391,17.84971290671549,4.144129150370309,13.47258051094283,4.368810851294,78.77207062600321
261,Dag_hverdag,79.31380543185097,15.423696920278493,5.262497647870538,1.0349369629304397,3.7822241736185163,1.4614564385623785,80.26905829596413
261,Natt_helg,71.3322792710327,10.160605808438046,18.50711492052925,4.235666139635516,14.030123991012733,4.468669385037863,78.21027287319421
262,Dag_hverdag,79.5396098601267,15.097534968324657,5.3628551715486426,1.066298689079847,3.964122185285078,1.3799159505739196,80.61783756851021
262,Natt_helg,71.74835649496546,10.302072064575185,17.94957144045935,3.902804360489307,13.697262211866523,4.243987684114171,78.49117174959872
263,Dag_hverdag,79.01900520604654,15.618139622404817,5.3628551715486426,1.1541115222981873,3.9013987329862636,1.442639402872734,80.06975585450921
263,Natt_helg,71.64017641674295,10.094033452608803,18.26579013064825,4.385453940251311,13.630689856037282,4.610135641175002,78.81219903691814
264,Dag_hverdag,79.83441008593113,15.103807313554537,5.0617826005143325,1.1039327604591356,3.537602709653139,1.5053628551715488,80.46836073741903
264,Natt_helg,71.64849796122161,10.185570441874011,18.165931596904386,4.185736872763584,13.830406923525008,4.327203128900724,78.330658105939
265,Dag_hverdag,79.7089631813335,15.241798908611932,5.049237910054569,1.053753998620084,3.6379602333312424,1.386188295803801,81.16591928251121
265,Natt_helg,72.1311475409836,10.027461096779563,17.84139136223683,3.7446950153948575,13.863693101439628,3.961055171839893,79.21348314606742
266,Dag_hverdag,79.37652888414979,15.467603336887661,5.155867778962555,1.0600263438499655,3.750862447469109,1.386188295803801,80.16940707523668
266,Natt_helg,71.58192560539236,10.410252142797702,18.007822251809934,4.010984438711825,13.788799201131729,4.21070150619955,78.69181380417335
267,Dag_hverdag,79.82813774070124,14.884275230508687,5.287587028790065,1.2419243555165276,3.6693219594806497,1.5994480336197703,81.16591928251121
267,Natt_helg,72.47233086460847,10.052425730215528,17.475243405176,3.836232004660065,13.347757343763003,4.119164516934343,78.93258426966293
268,Dag_hverdag,79.82813774070124,14.896819920968449,5.275042338330302,1.1917455936774761,3.750862447469109,1.5053628551715488,80.71748878923766
268,Natt_helg,72.03128900723974,10.252142797703254,17.716568195057004,3.7030872930015812,13.813763834567697,3.894482816010652,79.0529695024077
269,Dag_hverdag,79.47061406259802,15.511509753496833,5.017876183905162,1.1039327604591356,3.5940538167220724,1.398732986263564,80.31888390632786
269,Natt_helg,72.08121827411168,10.418573687276359,17.500208038611966,3.6781226595656156,13.447615877506866,4.044270616626446,79.49438202247191
270,Dag_hverdag,79.4016182650693,15.298250015680864,5.300131719249827,1.1541115222981873,3.8010412093081607,1.480273474252023,80.71748878923766
270,Natt_helg,72.1145044520263,10.29375052009653,17.591745027877174,3.7779811933094787,13.572439044686693,4.010984438711825,78.1701444622793
271,Dag_hverdag,78.98764347989713,15.869033431600075,5.1433230885027905,1.1290221413786616,3.688138995170294,1.4363670576428527,81.06626806178376
271,Natt_helg,71.8898227511026,10.335358242489805,17.77481900640759,3.8778397270533413,13.655654489473246,4.110842972455687,79.17335473515249
272,Dag_hverdag,79.11936272972464,15.517782098726714,5.3628551715486426,1.179200903217713,3.763407137928872,1.5806309979301258,80.91679123069258
272,Natt_helg,71.95639510693185,10.044104185736872,17.999500707331283,3.902804360489307,13.863693101439628,4.119164516934343,79.0529695024077
273,Dag_hverdag,79.51452047920718,15.367245813209559,5.118233707583266,1.066298689079847,3.681866649940413,1.4175500219532082,81.21574489287494
273,Natt_helg,72.15611217441958,10.10235499708746,17.741532828492968,3.9111259049679625,13.555795955729383,4.17741532828493,78.73194221508828
274,Dag_hverdag,79.77168663363231,15.041083861255725,5.1872295051119615,1.0851157247694914,3.725773066549583,1.442639402872734,80.56801195814649
274,Natt_helg,72.10618290754765,10.152284263959391,17.741532828492968,3.8528750936173757,13.722226845302487,4.010984438711825,79.49438202247191
275,Dag_hverdag,79.41416295552908,15.455058646427899,5.130778398043028,1.0913880699993728,3.6254155428714796,1.4865458194819043,81.11609367214749
275,Natt_helg,71.49871016060581,10.177248897395357,18.324040941998835,3.82791046018141,14.238162602979113,4.069235250062412,78.41091492776886
276,Dag_hverdag,79.7403249074829,14.790190052060465,5.469485040456626,1.1415668318384244,3.989211566204604,1.4614564385623785,80.46836073741903
276,Natt_helg,71.93143047349588,10.202213530831322,17.866355995672798,3.753016559873513,13.83872846800366,4.002662894233169,78.93258426966293
277,Dag_hverdag,79.85949946685066,15.185347801542997,4.955152731606348,1.0913880699993728,3.49996863827385,1.4363670576428527,80.71748878923766
277,Natt_helg,71.49871016060581,10.152284263959391,18.349005575434802,3.9693767163185485,13.96355163518349,4.368810851294,78.25040128410915
278,Dag_hverdag,79.72778021702315,14.997177444646553,5.275042338330302,1.1039327604591356,3.6755943047105313,1.5806309979301258,80.61783756851021
278,Natt_helg,71.8898227511026,10.143962719480735,17.96621452941666,3.8695181825746863,13.738869934259798,4.21070150619955,79.09309791332262
279,Dag_hverdag,79.48315875305777,15.2857053252211,5.2311359217211315,1.12274979614878,3.750862447469109,1.4614564385623785,80.36870951669158
279,Natt_helg,71.9480735624532,10.10235499708746,17.94957144045935,3.9277689939252727,13.822085379046351,4.119164516934343,79.01284109149277
280,Dag_hverdag,78.74929436116163,15.981935645737941,5.26876999310042,1.12274979614878,3.7006836856300573,1.5429969265508374,81.7140009965122
280,Natt_helg,72.08121827411168,10.535075309977532,17.383706415910794,3.8445535491387206,13.189647998668551,4.185736872763584,78.93258426966293
281,Dag_hverdag,79.18208618202345,15.480148027347425,5.337765790629116,1.216834974597002,3.750862447469109,1.5680863074703633,80.31888390632786
281,Natt_helg,71.7982857618374,9.869351751685112,18.33236248647749,3.961055171839893,14.005159357576765,4.318881584422068,78.73194221508828
282,Dag_hverdag,79.90340588345983,14.94072633757762,5.155867778962555,1.2356520102866462,3.4435175312049178,1.6935332120679922,80.51818634778276
282,Natt_helg,71.49871016060581,10.052425730215528,18.448864109178665,4.052592161105101,14.129982524756596,4.310560039943414,78.97271268057786
283,Dag_hverdag,79.53333751489681,15.492692717807188,4.9739697672959915,1.0349369629304397,3.644232578561124,1.3109201530452237,80.61783756851021
283,Natt_helg,72.22268453024881,10.260464342181908,17.51685112756928,3.8695181825746863,13.389365066156278,4.119164516934343,78.77207062600321
284,Dag_hverdag,79.63369503857493,15.31706705137051,5.049237910054569,1.12274979614878,3.6316878881013612,1.398732986263564,80.66766317887394
284,Natt_helg,71.8898227511026,10.052425730215528,18.057751518681865,3.8445535491387206,13.980194724140802,4.060913705583756,79.17335473515249
285,Dag_hverdag,79.33262246754062,15.360973467979678,5.306404064479709,1.2356520102866462,3.688138995170294,1.5994480336197703,80.36870951669158
285,Natt_helg,71.78164267288008,10.260464342181908,17.957892984938002,3.819588915702755,13.946908546226181,4.002662894233169,79.3338683788122
286,Dag_hverdag,80.17938907357461,14.777645361600703,5.042965564824688,1.1541115222981873,3.562692090572665,1.4614564385623785,80.46836073741903
286,Natt_helg,71.76499958392277,10.235499708745943,17.999500707331283,3.836232004660065,13.896979279354248,4.094199883498377,78.04975922953452
287,Dag_hverdag,79.56469924104623,14.953271028037381,5.48202973091639,1.430094712412971,3.775951828388634,1.6872608668381108,80.56801195814649
287,Natt_helg,71.29899309311809,10.302072064575185,18.398934842306733,3.994341349754514,14.17159024714987,4.219023050678206,78.41091492776886
288,Dag_hverdag,79.90340588345983,15.047356206485604,5.049237910054569,1.0788433795396097,3.5940538167220724,1.4363670576428527,80.7673143996014
288,Natt_helg,71.39053008238328,10.318715153532496,18.290754764084213,4.169093783806274,13.830406923525008,4.452026296080552,79.01284109149277
289,Dag_hverdag,79.53333751489681,15.467603336887661,4.999059148215518,1.1352944866085428,3.600326161951954,1.3799159505739196,80.31888390632786
289,Natt_helg,71.97303819588916,10.10235499708746,17.924606807023384,3.9693767163185485,13.630689856037282,4.2772738620287925,78.41091492776886
290,Dag_hverdag,79.92849526437935,15.003449789876436,5.068054945744214,1.053753998620084,3.644232578561124,1.4050053314934454,81.11609367214749
290,Natt_helg,72.49729549804444,10.2438212532246,17.258883248730964,3.594907214779063,13.331114254805692,3.902804360489307,79.0529695024077
291,Dag_hverdag,80.17938907357461,14.859185849589164,4.961425076836229,0.9471241297120992,3.5815091262623096,1.3610989148842754,80.7673143996014
291,Natt_helg,71.590247149871,10.085711908130149,18.324040941998835,3.6781226595656156,14.437879670466838,3.8695181825746863,79.0529695024077
292,Dag_hverdag,79.13817976541428,15.618139622404817,5.243680612180895,1.0600263438499655,3.7069560308599385,1.51163520040143,80.86696562032884
292,Natt_helg,71.65681950570026,10.401930598319048,17.941249895980693,3.6281933926936842,14.071731713406008,3.8611966380960308,78.892455858748
293,Dag_hverdag,79.6086056576554,15.160258420623471,5.2311359217211315,1.1980179389073575,3.681866649940413,1.5304522360910744,80.96661684105631
293,Natt_helg,71.93975201797454,10.227178164267288,17.833069817758176,3.9277689939252727,13.622368311558624,4.2023799617208955,78.892455858748
294,Dag_hverdag,79.47061406259802,15.31706705137051,5.212318886031487,1.1352944866085428,3.7445901022392274,1.4489117481026155,82.0627802690583
294,Natt_helg,71.74835649496546,10.285428975617874,17.96621452941666,3.82791046018141,13.971873179662145,3.986019805275859,78.37078651685393
295,Dag_hverdag,79.15072445587406,15.348428777519915,5.500846766606034,1.204290284137239,3.9013987329862636,1.5806309979301258,80.86696562032884
295,Natt_helg,71.77332112840143,10.360322875925771,17.866355995672798,3.719730381958892,13.896979279354248,3.961055171839893,78.57142857142857
296,Dag_hverdag,79.54588220535658,15.335884087060153,5.118233707583266,1.1729285579878317,3.6944113404001757,1.3924606410336824,80.7673143996014
296,Natt_helg,71.68178413913623,9.935924107514355,18.38229175334942,3.961055171839893,14.254805691936422,4.119164516934343,79.53451043338684
297,Dag_hverdag,79.59606096719564,15.229254218152166,5.174684814652199,1.0600263438499655,3.6505049237910057,1.5053628551715488,80.86696562032884
297,Natt_helg,71.71507031705085,10.052425730215528,18.232503952733627,4.069235250062412,13.938587001747523,4.285595406507447,78.892455858748
298,Dag_hverdag,79.23853728909239,15.699680110393277,5.0617826005143325,1.066298689079847,3.688138995170294,1.3548265696543937,80.11958146487295
298,Natt_helg,71.86485811766664,10.29375052009653,17.84139136223683,3.902804360489307,13.705583756345177,4.127486061412998,78.69181380417335
299,Dag_hverdag,79.17581383679358,15.555416170106003,5.26876999310042,1.0976604152292542,3.8073135545380414,1.442639402872734,79.82062780269058
299,Natt_helg,72.09786136306899,10.019139552300906,17.882999084630107,3.9111259049679625,13.555795955729383,4.318881584422068,78.65168539325843
300,Dag_hverdag,79.8093207050116,15.066173242175248,5.124506052813147,1.1352944866085428,3.6944113404001757,1.4112776767233268,80.16940707523668
300,Natt_helg,71.87317966214529,9.9276025630357,18.199217774819008,3.769659648830823,14.221519514021802,3.9693767163185485,79.45425361155698
301,Dag_hverdag,79.76541428840244,14.959543373267264,5.275042338330302,1.1980179389073575,3.7320454117794646,1.524179890861193,80.56801195814649
301,Natt_helg,71.54031788299908,9.844387118249147,18.615294998751768,4.135807605891653,14.26312723641508,4.343846217858034,79.01284109149277
302,Dag_hverdag,79.08800100357524,15.806309979301261,5.1056890171235025,1.12274979614878,3.688138995170294,1.398732986263564,80.56801195814649
302,Natt_helg,72.1893983523342,9.811100940334526,17.999500707331283,3.936090538403928,13.755513023217109,4.235666139635516,79.97592295345103
303,Dag_hverdag,79.67760145518409,15.147713730163709,5.174684814652199,1.1290221413786616,3.7069560308599385,1.4489117481026155,80.51818634778276
303,Natt_helg,71.73171340600815,10.318715153532496,17.94957144045935,3.6698011150869605,13.988516268619456,3.9444120828825833,78.892455858748
304,Dag_hverdag,79.18208618202345,15.486420372577307,5.331493445399235,1.1980179389073575,3.8324029354575675,1.480273474252023,80.16940707523668
304,Natt_helg,71.86485811766664,10.185570441874011,17.94957144045935,3.9111259049679625,13.77215611217442,4.160772239327619,79.3338683788122
305,Dag_hverdag,78.45449413535721,16.163833657404503,5.381672207238286,1.1164774509188984,3.882581697296619,1.480273474252023,80.16940707523668
305,Natt_helg,71.50703170508447,10.118998086044769,18.373970208870766,4.17741532828493,14.046767079970044,4.318881584422068,78.49117174959872
306,Dag_hverdag,79.68387380041398,15.335884087060153,4.980242112525874,0.9847582010913881,3.5564197453427835,1.4050053314934454,80.7673143996014
306,Natt_helg,72.03128900723974,10.443538320712324,17.52517267204793,3.8695181825746863,13.45593742198552,4.060913705583756,78.29052969502408
307,Dag_hverdag,79.04409458696607,15.655773693784106,5.300131719249827,1.1290221413786616,3.775951828388634,1.5053628551715488,80.31888390632786
307,Natt_helg,72.04793209619706,10.127319630523425,17.82474827327952,3.719730381958892,13.813763834567697,3.994341349754514,79.29373996789727
308,Dag_hverdag,79.3702565389199,15.511509753496833,5.118233707583266,1.12274979614878,3.6755943047105313,1.4238223671830899,80.66766317887394
308,Natt_helg,71.50703170508447,10.385287509361737,18.107680785553796,4.119164516934343,13.822085379046351,4.2772738620287925,78.45104333868379
309,Dag_hverdag,79.14445211064417,15.731041836542683,5.124506052813147,1.041209308160321,3.6944113404001757,1.4112776767233268,81.16591928251121
309,Natt_helg,71.92310892901722,10.376965964883082,17.69992510609969,4.010984438711825,13.514188233336109,4.17741532828493,78.69181380417335
310,Dag_hverdag,79.6086056576554,15.1163520040143,5.275042338330302,1.0913880699993728,3.826130590227686,1.4175500219532082,80.46836073741903
310,Natt_helg,72.18107680785553,9.969210285428975,17.84971290671549,3.8445535491387206,13.880336190396939,3.961055171839893,79.89566613162118
311,Dag_hverdag,79.62742269334504,15.059900896945368,5.31267640970959,1.2356520102866462,3.6379602333312424,1.6558991406887036,80.61783756851021
311,Natt_helg,71.75667803944413,10.110676541566114,18.132645418989764,3.836232004660065,13.996837813098113,4.127486061412998,79.7752808988764
312,Dag_hverdag,79.52079282443705,15.122624349244182,5.3565828263187605,1.2732860816659348,3.7696794831587535,1.5680863074703633,80.16940707523668
312,Natt_helg,71.7982857618374,10.193891986352668,18.007822251809934,3.894482816010652,13.855371556960971,4.144129150370309,78.73194221508828
313,Dag_hverdag,79.61487800288528,15.053628551715487,5.331493445399235,1.1541115222981873,3.7822241736185163,1.524179890861193,80.36870951669158
313,Natt_helg,72.1145044520263,9.877673296163767,18.007822251809934,4.094199883498377,13.730548389781145,4.260630773071481,78.97271268057786
314,Dag_hverdag,79.08172865834536,15.599322586715173,5.318948754939472,1.1352944866085428,3.8010412093081607,1.4990905099416671,79.77080219232685
314,Natt_helg,71.56528251643505,10.401930598319048,18.0327868852459,3.8112673712240994,13.822085379046351,4.19405841724224,78.77207062600321
315,Dag_hverdag,79.69014614564387,15.1163520040143,5.1935018503418435,1.1603838675280687,3.6505049237910057,1.524179890861193,80.96661684105631
315,Natt_helg,71.69842722809354,10.202213530831322,18.099359241075145,4.002662894233169,13.880336190396939,4.21070150619955,78.6115569823435
316,Dag_hverdag,79.0629116226557,15.58677789625541,5.350310481088879,1.1603838675280687,3.851219971147212,1.4740011290221413,81.31539611360239
316,Natt_helg,72.1311475409836,10.285428975617874,17.58342348339852,3.986019805275859,13.381043521677624,4.19405841724224,79.01284109149277
317,Dag_hverdag,79.8783165025403,14.809007087750109,5.31267640970959,1.2356520102866462,3.750862447469109,1.5429969265508374,82.31190832087692
317,Natt_helg,72.38911541982192,10.010818007822252,17.60006657235583,3.7779811933094787,13.572439044686693,4.010984438711825,80.0561797752809
318,Dag_hverdag,79.01900520604654,15.800037634071378,5.180957159882079,1.0851157247694914,3.7069560308599385,1.455184093332497,80.56801195814649
318,Natt_helg,71.87317966214529,10.60996921028543,17.51685112756928,3.8778397270533413,13.389365066156278,4.119164516934343,78.93258426966293
319,Dag_hverdag,79.82186539547136,15.141441384933826,5.036693219594807,1.0913880699993728,3.5250580191933762,1.4928181647117857,81.31539611360239
319,Natt_helg,72.23100607472746,10.127319630523425,17.641674294749105,3.8528750936173757,13.522509777814761,4.102521427977032,78.41091492776886
320,Dag_hverdag,79.92222291914946,14.846641159129398,5.2311359217211315,1.1415668318384244,3.8010412093081607,1.4112776767233268,79.62132536123568
320,Natt_helg,72.08953981859032,10.044104185736872,17.866355995672798,4.027627527669135,13.56411750020804,4.285595406507447,78.892455858748
321,Dag_hverdag,79.55842689581635,15.323339396600389,5.118233707583266,1.1164774509188984,3.688138995170294,1.4112776767233268,80.7673143996014
321,Natt_helg,72.1311475409836,10.185570441874011,17.683282017142382,3.8528750936173757,13.639011400515935,4.03594907214779,78.93258426966293
322,Dag_hverdag,79.46434171736813,15.185347801542997,5.350310481088879,1.1290221413786616,3.857492316377093,1.4740011290221413,81.01644245142003
322,Natt_helg,71.83157193975201,10.127319630523425,18.041108429724556,3.8528750936173757,13.83872846800366,4.19405841724224,79.21348314606742
323,Dag_hverdag,79.76541428840244,15.041083861255725,5.1935018503418435,1.1541115222981873,3.681866649940413,1.4928181647117857,80.56801195814649
323,Natt_helg,72.32254306399267,10.285428975617874,17.39202796038945,3.6281933926936842,13.422651244070899,3.961055171839893,79.17335473515249
324,Dag_hverdag,79.21344790817287,15.461330991657782,5.325221100169354,1.1666562127579503,3.8010412093081607,1.5053628551715488,80.46836073741903
324,Natt_helg,71.32395772655404,10.443538320712324,18.232503952733627,3.894482816010652,14.088374802363319,4.135807605891653,78.73194221508828
325,Dag_hverdag,79.94103995483911,14.859185849589164,5.199774195571724,1.1603838675280687,3.5877814714921907,1.593175688389889,81.31539611360239
325,Natt_helg,72.32254306399267,10.077390363651494,17.60006657235583,3.952733627361238,13.347757343763003,4.243987684114171,78.97271268057786
326,Dag_hverdag,79.0378222417362,15.605594931945054,5.3565828263187605,1.2921031173555793,3.750862447469109,1.5869033431600077,80.61783756851021
326,Natt_helg,71.38220853790463,10.2438212532246,18.373970208870766,3.894482816010652,14.26312723641508,4.102521427977032,78.85232744783308
327,Dag_hverdag,79.5709715862761,15.266888289531455,5.162140124192435,1.0474816533902027,3.688138995170294,1.455184093332497,81.06626806178376
327,Natt_helg,70.9411666805359,10.31039360905384,18.748439710410253,4.060913705583756,14.362985770158943,4.377132395772655,78.1701444622793
328,Dag_hverdag,79.35771184846014,15.517782098726714,5.124506052813147,1.0913880699993728,3.6944113404001757,1.4112776767233268,80.86696562032884
328,Natt_helg,71.83989348423067,10.118998086044769,18.041108429724556,4.044270616626446,13.780477656653076,4.252309228592827,79.53451043338684
329,Dag_hverdag,79.43297999121872,15.50523740826695,5.0617826005143325,1.1102051056890172,3.681866649940413,1.3610989148842754,80.96661684105631
329,Natt_helg,71.68178413913623,10.684863110593326,17.63335275027045,3.728051926437547,13.688940667387866,3.9277689939252727,78.49117174959872
330,Dag_hverdag,79.28871605093144,15.386062848899204,5.325221100169354,1.0976604152292542,3.8073135545380414,1.4990905099416671,81.01644245142003
330,Natt_helg,71.78164267288008,10.418573687276359,17.799783639843554,3.902804360489307,13.647332944994591,4.144129150370309,78.73194221508828
331,Dag_hverdag,79.3388948127705,15.153986075393588,5.507119111835915,1.179200903217713,3.9390328043655525,1.5492692717807188,80.51818634778276
331,Natt_helg,71.77332112840143,10.060747274694183,18.165931596904386,3.7863027377881338,14.12166098027794,4.03594907214779,78.97271268057786
332,Dag_hverdag,79.65251207426456,15.386062848899204,4.961425076836229,0.9659411654017437,3.612870852411717,1.329737188734868,80.86696562032884
332,Natt_helg,72.23100607472746,10.443538320712324,17.325455604560204,3.7114088374802368,13.347757343763003,3.9693767163185485,79.41412520064205
333,Dag_hverdag,79.38280122937967,15.41742457504861,5.199774195571724,1.1102051056890172,3.7069560308599385,1.4740011290221413,79.97010463378177
333,Natt_helg,71.82325039527336,10.426895231755013,17.749854372971622,3.952733627361238,13.47258051094283,4.268952317550137,79.01284109149277
334,Dag_hverdag,79.23853728909239,15.580505551025528,5.180957159882079,1.0600263438499655,3.8073135545380414,1.3548265696543937,80.7673143996014
334,Natt_helg,71.3156361820754,10.726470832986603,17.957892984938002,3.4867271365565453,14.113339435799285,3.836232004660065,78.6115569823435
335,Dag_hverdag,79.207175562943,15.467603336887661,5.325221100169354,1.0913880699993728,3.819858244997805,1.4865458194819043,80.71748878923766
335,Natt_helg,72.2809353415994,10.485146043105601,17.233918615295,3.686444204044271,13.339435799284347,3.8778397270533413,79.17335473515249
336,Dag_hverdag,78.95628175374773,15.818854669761024,5.22486357649125,1.041209308160321,3.8449476259173303,1.3610989148842754,80.46836073741903
336,Natt_helg,72.09786136306899,10.29375052009653,17.608388116834483,3.8029458267454443,13.522509777814761,4.077556794541066,78.85232744783308
337,Dag_hverdag,79.72150787179326,15.392335194129084,4.886156934077652,0.940851784482218,3.5313303644232583,1.3360095339647495,81.56452416542102
337,Natt_helg,71.49871016060581,10.143962719480735,18.357327119913457,3.6698011150869605,14.379628859116252,3.9693767163185485,78.41091492776886
338,Dag_hverdag,80.35501474001128,14.746283635451295,4.898701624537415,0.9471241297120992,3.606598507181835,1.2732860816659348,82.01295465869457
338,Natt_helg,72.08953981859032,10.560039943413498,17.350420237996172,4.077556794541066,13.031538653574104,4.302238495464758,79.29373996789727
339,Dag_hverdag,79.52706516966694,15.179075456313115,5.293859374019946,1.248196700746409,3.6254155428714796,1.649626795458822,80.36870951669158
339,Natt_helg,71.30731463759675,10.426895231755013,18.26579013064825,3.9444120828825833,14.096696346841975,4.160772239327619,78.13001605136436
340,Dag_hverdag,79.13817976541428,15.411152229818729,5.450668004766982,1.1729285579878317,3.9453051495954337,1.4865458194819043,80.06975585450921
340,Natt_helg,72.06457518515437,10.177248897395357,17.758175917450277,3.7114088374802368,13.77215611217442,3.9776982607972036,79.01284109149277
341,Dag_hverdag,78.98764347989713,15.605594931945054,5.406761588157813,1.204290284137239,3.750862447469109,1.6370821049990592,80.11958146487295
341,Natt_helg,71.93975201797454,10.1689273529167,17.891320629108762,4.19405841724224,13.547474411250729,4.335524673379379,78.53130016051364
342,Dag_hverdag,79.5396098601267,15.204164837232643,5.256225302640657,1.2293796650567648,3.644232578561124,1.593175688389889,80.4185351270553
342,Natt_helg,71.77332112840143,10.060747274694183,18.165931596904386,3.9277689939252727,13.980194724140802,4.160772239327619,79.13322632423755
343,Dag_hverdag,79.25108197955215,15.53659913441636,5.212318886031487,1.0725710343097283,3.8010412093081607,1.3924606410336824,80.56801195814649
343,Natt_helg,71.86485811766664,9.969210285428975,18.165931596904386,3.8528750936173757,14.080053257884664,4.069235250062412,79.61476725521669
344,Dag_hverdag,79.75914194317255,15.455058646427899,4.785799410399549,0.9722135106316252,3.4247004955152733,1.342281879194631,80.96661684105631
344,Natt_helg,71.98135974036781,10.268785886660565,17.749854372971622,3.7363734709162024,13.713905300823834,4.027627527669135,79.45425361155698
345,Dag_hverdag,79.36398419369002,15.41742457504861,5.218591231261368,1.0725710343097283,3.819858244997805,1.3673712601141566,80.81714000996513
345,Natt_helg,71.90646584005992,10.152284263959391,17.941249895980693,3.7863027377881338,13.888657734875592,4.044270616626446,79.37399678972713
346,Dag_hverdag,78.95000940851784,15.749858872232329,5.300131719249827,1.1729285579878317,3.750862447469109,1.5304522360910744,80.46836073741903
346,Natt_helg,71.97303819588916,10.060747274694183,17.96621452941666,3.9194474494466176,13.830406923525008,4.119164516934343,79.25361155698234
347,Dag_hverdag,79.3388948127705,15.680863074703632,4.980242112525874,1.0035752367810324,3.6379602333312424,1.3234648435049865,80.01993024414548
347,Natt_helg,71.56528251643505,10.485146043105601,17.94957144045935,3.694765748522926,13.896979279354248,4.044270616626446,78.57142857142857
348,Dag_hverdag,79.3388948127705,15.6244119676347,5.036693219594807,0.997302891551151,3.681866649940413,1.3360095339647495,81.01644245142003
348,Natt_helg,71.9480735624532,10.235499708745943,17.816426728800867,3.65315802612965,13.780477656653076,4.027627527669135,78.65168539325843
349,Dag_hverdag,79.08800100357524,15.912939848209245,4.999059148215518,1.066298689079847,3.562692090572665,1.4175500219532082,81.46487294469357
349,Natt_helg,72.2642922526421,9.894316385121078,17.84139136223683,3.836232004660065,13.780477656653076,4.052592161105101,79.61476725521669
350,Dag_hverdag,79.35143950323025,15.448786301198018,5.199774195571724,1.1415668318384244,3.6693219594806497,1.51163520040143,79.97010463378177
350,Natt_helg,72.08953981859032,10.50178913206291,17.408671049346758,3.7363734709162024,13.389365066156278,4.010984438711825,79.21348314606742
351,Dag_hverdag,79.24480963432228,15.423696920278493,5.331493445399235,1.179200903217713,3.8010412093081607,1.51163520040143,80.96661684105631
351,Natt_helg,71.90646584005992,10.035782641258217,18.057751518681865,4.19405841724224,13.672297578430555,4.377132395772655,79.61476725521669
352,Dag_hverdag,79.38907357460955,15.310794706140626,5.300131719249827,1.2670137364360534,3.600326161951954,1.6747161763783478,81.16591928251121
352,Natt_helg,71.7400349504868,10.418573687276359,17.84139136223683,3.7114088374802368,13.738869934259798,4.060913705583756,78.892455858748
353,Dag_hverdag,79.47688640782789,15.254343599071692,5.26876999310042,1.053753998620084,3.8010412093081607,1.4489117481026155,81.26557050323866
353,Natt_helg,71.87317966214529,10.085711908130149,18.041108429724556,3.886161271531997,13.971873179662145,4.060913705583756,79.01284109149277
354,Dag_hverdag,79.69014614564387,15.141441384933826,5.168412469422317,0.9910305463212695,3.788496518848397,1.3610989148842754,81.16591928251121
354,Natt_helg,71.11591911458767,10.46850295414829,18.415577931264043,4.044270616626446,14.113339435799285,4.285595406507447,78.08988764044943
355,Dag_hverdag,79.96612933575864,15.02226682556608,5.01160383867528,1.1102051056890172,3.5313303644232583,1.4614564385623785,81.21574489287494
355,Natt_helg,72.40575850877923,10.094033452608803,17.500208038611966,3.694765748522926,13.397686610634935,4.085878339019722,79.17335473515249
356,Dag_hverdag,79.44552468167848,15.662046039013989,4.892429279307533,1.1102051056890172,3.430972840745155,1.442639402872734,80.71748878923766
356,Natt_helg,72.13946908546227,10.019139552300906,17.84139136223683,3.9111259049679625,13.697262211866523,4.135807605891653,78.49117174959872
357,Dag_hverdag,79.7089631813335,15.37351815843944,4.917518660227059,0.940851784482218,3.644232578561124,1.2544690459762906,81.21574489287494
357,Natt_helg,71.65681950570026,10.551718398934842,17.7914620953649,3.686444204044271,13.77215611217442,4.010984438711825,78.97271268057786
358,Dag_hverdag,79.14445211064417,15.229254218152166,5.626293671203663,1.1290221413786616,4.033117982813774,1.5743586527002447,79.6711509715994
358,Natt_helg,72.08953981859032,9.969210285428975,17.941249895980693,3.8695181825746863,13.847050012482317,4.085878339019722,78.85232744783308
359,Dag_hverdag,79.67760145518409,15.166530765853354,5.155867778962555,1.066298689079847,3.7320454117794646,1.4050053314934454,80.71748878923766
359,Natt_helg,71.60689023882833,10.185570441874011,18.20753931929766,4.027627527669135,13.96355163518349,4.235666139635516,78.97271268057786
360,Dag_hverdag,79.60233331242551,15.235526563382049,5.162140124192435,1.0913880699993728,3.7696794831587535,1.3736436053440382,80.91679123069258
360,Natt_helg,71.72339186152949,10.343679786968462,17.93292835150204,4.010984438711825,13.680619122909214,4.235666139635516,78.6115569823435
361,Dag_hverdag,79.45806937213824,15.2857053252211,5.256225302640657,1.0851157247694914,3.750862447469109,1.4865458194819043,80.96661684105631
361,Natt_helg,72.1311475409836,9.910959474078389,17.957892984938002,3.528334858949821,14.096696346841975,3.8528750936173757,79.21348314606742
362,Dag_hverdag,79.76541428840244,15.191620146772877,5.042965564824688,0.9910305463212695,3.725773066549583,1.2858307721256976,80.11958146487295
362,Natt_helg,71.80660730631605,10.510110676541567,17.683282017142382,3.6032287592577186,13.847050012482317,3.82791046018141,78.57142857142857
363,Dag_hverdag,79.26989901524179,15.310794706140626,5.419306278617575,1.2356520102866462,3.8324029354575675,1.5680863074703633,80.66766317887394
363,Natt_helg,72.07289672963302,10.152284263959391,17.77481900640759,4.019305983190479,13.47258051094283,4.293916950986103,79.13322632423755
364,Dag_hverdag,79.00646051558678,15.743586527002446,5.249952957410776,1.0851157247694914,3.7069560308599385,1.524179890861193,80.71748878923766
364,Natt_helg,71.62353332778564,9.977531829907631,18.398934842306733,4.144129150370309,14.021802446534076,4.368810851294,78.97271268057786
365,Dag_hverdag,79.57724393150599,15.348428777519915,5.074327290974096,1.066298689079847,3.7195007213197018,1.3360095339647495,80.61783756851021
365,Natt_helg,71.97303819588916,9.977531829907631,18.049429974203214,4.17741532828493,13.680619122909214,4.3521677623366894,79.09309791332262
366,Dag_hverdag,78.88728595621903,15.806309979301261,5.306404064479709,1.1102051056890172,3.819858244997805,1.46772878379226,80.56801195814649
366,Natt_helg,71.4820670716485,10.210535075309977,18.307397853041525,3.994341349754514,14.113339435799285,4.185736872763584,78.69181380417335
367,Dag_hverdag,79.67760145518409,15.291977670450981,5.030420874364925,1.1039327604591356,3.562692090572665,1.4489117481026155,80.4185351270553
367,Natt_helg,71.83157193975201,10.510110676541567,17.658317383706414,3.8778397270533413,13.56411750020804,4.085878339019722,78.6115569823435
368,Dag_hverdag,79.46434171736813,15.241798908611932,5.293859374019946,1.260741391206172,3.6755943047105313,1.5994480336197703,81.06626806178376
368,Natt_helg,72.22268453024881,9.894316385121078,17.882999084630107,3.894482816010652,13.705583756345177,4.169093783806274,78.93258426966293
369,Dag_hverdag,78.7618390516214,16.257918835852724,4.980242112525874,1.1415668318384244,3.5501474001129028,1.4112776767233268,80.56801195814649
369,Natt_helg,71.8898227511026,10.094033452608803,18.016143796288592,3.894482816010652,13.722226845302487,4.285595406507447,78.85232744783308
370,Dag_hverdag,79.81559305024149,15.07244558740513,5.111961362353384,1.179200903217713,3.5940538167220724,1.4990905099416671,81.21574489287494
370,Natt_helg,71.39053008238328,10.401930598319048,18.20753931929766,3.961055171839893,13.996837813098113,4.185736872763584,78.57142857142857
371,Dag_hverdag,79.24480963432228,15.524054443956596,5.2311359217211315,0.9847582010913881,3.9013987329862636,1.3109201530452237,80.11958146487295
371,Natt_helg,71.83157193975201,10.418573687276359,17.749854372971622,4.069235250062412,13.480902055421486,4.252309228592827,78.81219903691814
372,Dag_hverdag,80.25465721633319,14.834096468669635,4.911246314997177,1.0851157247694914,3.5250580191933762,1.3673712601141566,81.56452416542102
372,Natt_helg,71.56528251643505,10.32703669801115,18.107680785553796,3.9776982607972036,13.91362236831156,4.185736872763584,79.09309791332262
373,Dag_hverdag,79.21344790817287,15.567960860565766,5.218591231261368,1.1541115222981873,3.7006836856300573,1.4990905099416671,81.26557050323866
373,Natt_helg,71.47374552716984,10.27710743113922,18.24914704169094,3.894482816010652,14.038445535491388,4.2023799617208955,78.81219903691814
374,Dag_hverdag,79.35771184846014,15.58677789625541,5.055510255284451,1.1039327604591356,3.656777269020887,1.3799159505739196,80.4185351270553
374,Natt_helg,71.4071731713406,10.268785886660565,18.324040941998835,3.902804360489307,14.179911791628527,4.135807605891653,78.41091492776886
375,Dag_hverdag,79.99749106190805,14.903092266198332,5.099416671893621,1.0600263438499655,3.688138995170294,1.3924606410336824,80.96661684105631
375,Natt_helg,71.87317966214529,10.177248897395357,17.94957144045935,3.82791046018141,13.797120745610385,4.135807605891653,79.25361155698234
376,Dag_hverdag,79.59606096719564,15.310794706140626,5.093144326663739,1.1352944866085428,3.6254155428714796,1.4489117481026155,82.11260587942202
376,Natt_helg,71.74835649496546,10.2438212532246,18.007822251809934,4.002662894233169,13.780477656653076,4.219023050678206,77.92937399678974
377,Dag_hverdag,79.54588220535658,15.41742457504861,5.036693219594807,1.0161199272407953,3.688138995170294,1.3234648435049865,81.21574489287494
377,Natt_helg,71.73171340600815,10.352001331447116,17.91628526254473,3.7863027377881338,13.755513023217109,4.152450694848964,78.08988764044943
378,Dag_hverdag,79.48315875305777,15.31706705137051,5.199774195571724,1.066298689079847,3.750862447469109,1.430094712412971,80.81714000996513
378,Natt_helg,71.61521178330699,10.443538320712324,17.941249895980693,3.9776982607972036,13.680619122909214,4.252309228592827,78.45104333868379
379,Dag_hverdag,79.18208618202345,15.574233205795645,5.243680612180895,1.1541115222981873,3.7320454117794646,1.4928181647117857,80.7673143996014
379,Natt_helg,71.65681950570026,10.360322875925771,17.98285761837397,3.769659648830823,13.955230090704834,4.010984438711825,79.0529695024077
380,Dag_hverdag,79.55215455058647,15.379790503669321,5.068054945744214,1.0600263438499655,3.619143197641598,1.430094712412971,80.81714000996513
380,Natt_helg,71.83989348423067,10.376965964883082,17.783140550886245,3.7363734709162024,13.780477656653076,3.994341349754514,78.49117174959872
381,Dag_hverdag,79.5709715862761,15.455058646427899,4.9739697672959915,1.0913880699993728,3.575236781032428,1.3799159505739196,80.96661684105631
381,Natt_helg,71.8898227511026,10.29375052009653,17.816426728800867,4.144129150370309,13.530831322293418,4.2772738620287925,78.73194221508828
382,Dag_hverdag,78.88101361098914,15.680863074703632,5.438123314307219,1.1102051056890172,3.9578498400551965,1.4614564385623785,80.16940707523668
382,Natt_helg,71.69010568361487,10.485146043105601,17.82474827327952,3.9693767163185485,13.614046767079971,4.19405841724224,78.1701444622793
383,Dag_hverdag,79.69014614564387,15.147713730163709,5.162140124192435,1.0349369629304397,3.7696794831587535,1.3736436053440382,81.21574489287494
383,Natt_helg,71.60689023882833,10.32703669801115,18.066073063160523,3.9444120828825833,13.872014645918282,4.185736872763584,79.29373996789727
384,Dag_hverdag,79.89086119300006,15.210437182462522,4.898701624537415,1.1603838675280687,3.405883459825629,1.4740011290221413,80.66766317887394
384,Natt_helg,71.63185487226428,10.2438212532246,18.12432387451111,3.8528750936173757,13.96355163518349,4.152450694848964,78.85232744783308
385,Dag_hverdag,79.07545631311548,15.342156432290032,5.582387254594493,1.248196700746409,3.9264881139057892,1.6370821049990592,80.51818634778276
385,Natt_helg,71.78996421735874,10.085711908130149,18.12432387451111,3.9444120828825833,14.013480902055422,4.102521427977032,79.0529695024077
386,Dag_hverdag,80.24211252587342,14.758828325911058,4.999059148215518,1.053753998620084,3.5313303644232583,1.4489117481026155,81.26557050323866
386,Natt_helg,72.01464591828244,9.844387118249147,18.14096696346842,4.027627527669135,13.946908546226181,4.17741532828493,79.57463884430177
387,Dag_hverdag,78.98137113466726,15.360973467979678,5.6576553973530705,1.2105626293671203,4.095841435112589,1.5429969265508374,81.06626806178376
387,Natt_helg,72.08121827411168,10.027461096779563,17.891320629108762,3.961055171839893,13.688940667387866,4.17741532828493,78.13001605136436
388,Dag_hverdag,79.94103995483911,15.310794706140626,4.74816533902026,1.0223922724706769,3.361977043216459,1.3673712601141566,80.7673143996014
388,Natt_helg,72.19771989681286,10.077390363651494,17.72488973953566,4.102521427977032,13.430972788549555,4.2772738620287925,79.49438202247191
389,Dag_hverdag,79.62115034811515,15.486420372577307,4.892429279307533,0.8906730226431663,3.575236781032428,1.2983754625854609,81.11609367214749
389,Natt_helg,71.60689023882833,10.43521677623367,17.957892984938002,3.9776982607972036,13.722226845302487,4.227344595156861,78.65168539325843
390,Dag_hverdag,79.25108197955215,15.869033431600075,4.87988458884777,0.9220347487925735,3.5940538167220724,1.2670137364360534,81.01644245142003
390,Natt_helg,71.85653657318798,10.143962719480735,17.999500707331283,3.994341349754514,13.738869934259798,4.252309228592827,78.81219903691814
391,Dag_hverdag,79.24480963432228,15.360973467979678,5.394216897698049,1.1603838675280687,3.8324029354575675,1.5429969265508374,80.66766317887394
391,Natt_helg,71.7067487725722,10.443538320712324,17.84971290671549,3.82791046018141,13.747191478738454,4.094199883498377,78.37078651685393
392,Dag_hverdag,79.67760145518409,15.179075456313115,5.1433230885027905,1.1290221413786616,3.6693219594806497,1.455184093332497,79.82062780269058
392,Natt_helg,71.7982857618374,10.543396854456187,17.658317383706414,3.728051926437547,13.58076058916535,4.060913705583756,79.3338683788122
393,Dag_hverdag,80.06648685943675,15.009722135106315,4.92379100545694,1.0851157247694914,3.5564197453427835,1.3485542244245123,81.06626806178376
393,Natt_helg,71.81492885079471,10.376965964883082,17.80810518432221,3.8112673712240994,13.780477656653076,4.019305983190479,78.65168539325843
394,Dag_hverdag,79.3388948127705,15.404879884588848,5.256225302640657,1.1541115222981873,3.7445901022392274,1.4928181647117857,80.26905829596413
394,Natt_helg,71.60689023882833,10.476824498626945,17.91628526254473,3.819588915702755,13.80544229008904,4.102521427977032,78.77207062600321
395,Dag_hverdag,79.19463087248322,15.386062848899204,5.419306278617575,1.1290221413786616,3.9515774948253153,1.4489117481026155,80.31888390632786
395,Natt_helg,71.88150120662395,10.443538320712324,17.674960472663727,3.6781226595656156,13.813763834567697,3.8445535491387206,79.25361155698234
396,Dag_hverdag,79.5709715862761,15.128896694474065,5.300131719249827,1.248196700746409,3.7195007213197018,1.5618139622404816,80.56801195814649
396,Natt_helg,72.45568777565116,10.143962719480735,17.400349504868103,3.819588915702755,13.281184987933761,4.094199883498377,79.37399678972713
397,Dag_hverdag,79.19463087248322,15.386062848899204,5.419306278617575,1.1102051056890172,3.9390328043655525,1.4614564385623785,80.56801195814649
397,Natt_helg,71.83989348423067,10.510110676541567,17.64999583922776,3.9444120828825833,13.522509777814761,4.119164516934343,78.65168539325843
398,Dag_hverdag,79.63369503857493,15.260615944301575,5.1056890171235025,1.0851157247694914,3.681866649940413,1.4050053314934454,80.51818634778276
398,Natt_helg,72.40575850877923,10.252142797703254,17.342098693517517,3.5616210368644423,13.589082133644004,3.7446950153948575,79.17335473515249
399,Dag_hverdag,79.84695477639089,15.210437182462522,4.942608041146585,0.9910305463212695,3.612870852411717,1.3109201530452237,81.41504733432984
399,Natt_helg,71.69010568361487,9.777814762419904,18.532079553965218,4.169093783806274,14.213197969543149,4.310560039943414,78.892455858748
